"Date","Price","Open","High","Low","Vol.","Change %"
"Feb 26, 2021","5,703.22","5,715.69","5,768.03","5,688.26","126.43M","-1.39%"
"Feb 25, 2021","5,783.89","5,824.72","5,834.36","5,783.89","99.04M","-0.24%"
"Feb 24, 2021","5,797.98","5,769.21","5,804.14","5,758.30","83.30M","0.31%"
"Feb 23, 2021","5,779.84","5,781.24","5,804.90","5,721.92","93.39M","0.21%"
"Feb 22, 2021","5,767.44","5,737.47","5,776.64","5,703.48","83.87M","-0.11%"
"Feb 19, 2021","5,773.55","5,737.19","5,784.90","5,733.84","95.52M","0.79%"
"Feb 18, 2021","5,728.33","5,757.75","5,779.01","5,720.58","95.21M","-0.65%"
"Feb 17, 2021","5,765.84","5,762.01","5,790.27","5,752.85","89.77M","-0.36%"
"Feb 16, 2021","5,786.53","5,796.43","5,797.92","5,768.96","69.74M","0.00%"
"Feb 15, 2021","5,786.25","5,732.30","5,801.38","5,722.16","95.60M","1.45%"
"Feb 12, 2021","5,703.67","5,651.67","5,705.02","5,627.99","74.87M","0.60%"
"Feb 11, 2021","5,669.82","5,684.94","5,692.00","5,656.80","85.82M","-0.02%"
"Feb 10, 2021","5,670.80","5,719.32","5,719.32","5,647.28","80.61M","-0.36%"
"Feb 09, 2021","5,691.54","5,703.53","5,703.53","5,674.43","74.73M","0.10%"
"Feb 08, 2021","5,686.03","5,688.68","5,714.28","5,673.63","75.60M","0.47%"
"Feb 05, 2021","5,659.26","5,638.74","5,673.03","5,627.84","90.03M","0.90%"
"Feb 04, 2021","5,608.54","5,568.39","5,613.95","5,566.58","84.65M","0.82%"
"Feb 03, 2021","5,563.05","5,610.59","5,626.41","5,554.09","81.32M","-0.00%"
"Feb 02, 2021","5,563.11","5,510.62","5,574.77","5,509.24","92.32M","1.86%"
"Feb 01, 2021","5,461.68","5,441.43","5,481.67","5,429.78","75.05M","1.16%"
"Jan 29, 2021","5,399.21","5,421.53","5,474.80","5,399.21","109.39M","-2.02%"
"Jan 28, 2021","5,510.52","5,407.74","5,525.95","5,379.22","113.18M","0.93%"
"Jan 27, 2021","5,459.62","5,517.53","5,545.45","5,401.43","123.36M","-1.16%"
"Jan 26, 2021","5,523.52","5,473.25","5,555.28","5,471.09","84.02M","0.93%"
"Jan 25, 2021","5,472.36","5,579.73","5,584.40","5,453.24","103.15M","-1.57%"
"Jan 22, 2021","5,559.57","5,568.88","5,573.71","5,511.44","89.45M","-0.56%"
"Jan 21, 2021","5,590.79","5,660.27","5,665.98","5,589.80","87.61M","-0.67%"
"Jan 20, 2021","5,628.44","5,615.41","5,646.06","5,602.49","78.55M","0.53%"
"Jan 19, 2021","5,598.61","5,647.75","5,655.22","5,592.20","89.50M","-0.33%"
"Jan 18, 2021","5,617.27","5,584.85","5,618.42","5,584.59","62.12M","0.10%"
"Jan 15, 2021","5,611.69","5,648.70","5,656.45","5,563.74","127.62M","-1.22%"
"Jan 14, 2021","5,681.14","5,662.17","5,690.49","5,656.75","104.62M","0.33%"
"Jan 13, 2021","5,662.67","5,648.96","5,679.07","5,643.75","109.76M","0.21%"
"Jan 12, 2021","5,650.97","5,672.20","5,679.06","5,636.75","73.94M","-0.20%"
"Jan 11, 2021","5,662.43","5,684.66","5,704.09","5,629.46","76.38M","-0.78%"
"Jan 08, 2021","5,706.88","5,711.58","5,721.89","5,676.15","87.56M","0.65%"
"Jan 07, 2021","5,669.85","5,651.04","5,689.28","5,629.49","91.73M","0.70%"
"Jan 06, 2021","5,630.60","5,601.01","5,648.42","5,553.39","116.29M","1.19%"
"Jan 05, 2021","5,564.60","5,561.60","5,603.66","5,530.48","79.26M","-0.44%"
"Jan 04, 2021","5,588.96","5,614.04","5,656.42","5,567.97","82.74M","0.68%"
"Dec 31, 2020","5,551.41","5,573.20","5,598.93","5,551.41","21.14M","-0.86%"
"Dec 30, 2020","5,599.41","5,603.72","5,625.60","5,594.11","35.28M","-0.22%"
"Dec 29, 2020","5,611.79","5,610.13","5,625.52","5,603.74","45.06M","0.42%"
"Dec 28, 2020","5,588.38","5,562.04","5,601.00","5,547.90","44.71M","1.20%"
"Dec 24, 2020","5,522.01","5,542.49","5,545.71","5,517.01","14.72M","-0.10%"
"Dec 23, 2020","5,527.59","5,472.14","5,539.16","5,472.03","59.21M","1.11%"
"Dec 22, 2020","5,466.86","5,411.15","5,477.87","5,411.15","64.60M","1.36%"
"Dec 21, 2020","5,393.34","5,392.55","5,422.10","5,306.58","122.85M","-2.43%"
"Dec 18, 2020","5,527.84","5,533.78","5,581.96","5,519.17","173.23M","-0.39%"
"Dec 17, 2020","5,549.46","5,578.79","5,585.51","5,547.59","83.85M","0.03%"
"Dec 16, 2020","5,547.68","5,551.45","5,589.76","5,515.50","87.84M","0.31%"
"Dec 15, 2020","5,530.31","5,521.79","5,565.52","5,517.06","90.44M","0.04%"
"Dec 14, 2020","5,527.84","5,547.30","5,577.18","5,527.84","82.23M","0.37%"
"Dec 11, 2020","5,507.55","5,528.14","5,532.81","5,466.56","96.87M","-0.76%"
"Dec 10, 2020","5,549.65","5,558.96","5,572.80","5,511.48","94.90M","0.05%"
"Dec 09, 2020","5,546.82","5,590.19","5,599.41","5,545.94","90.86M","-0.25%"
"Dec 08, 2020","5,560.67","5,553.79","5,574.57","5,521.87","77.51M","-0.23%"
"Dec 07, 2020","5,573.38","5,594.50","5,595.83","5,535.42","86.16M","-0.64%"
"Dec 04, 2020","5,609.15","5,574.12","5,616.62","5,574.12","99.70M","0.62%"
"Dec 03, 2020","5,574.36","5,581.53","5,584.10","5,546.29","92.24M","-0.15%"
"Dec 02, 2020","5,583.01","5,563.05","5,585.87","5,549.79","95.25M","0.02%"
"Dec 01, 2020","5,581.64","5,542.46","5,589.68","5,529.25","102.22M","1.14%"
"Nov 30, 2020","5,518.55","5,564.16","5,599.94","5,518.55","147.86M","-1.42%"
"Nov 27, 2020","5,598.18","5,563.04","5,612.76","5,556.62","84.63M","0.56%"
"Nov 26, 2020","5,566.79","5,589.38","5,592.78","5,559.72","65.75M","-0.08%"
"Nov 25, 2020","5,571.29","5,577.97","5,589.78","5,545.01","113.62M","0.23%"
"Nov 24, 2020","5,558.42","5,546.07","5,574.69","5,536.11","124.94M","1.21%"
"Nov 23, 2020","5,492.15","5,543.83","5,555.83","5,492.15","95.99M","-0.07%"
"Nov 20, 2020","5,495.89","5,463.99","5,524.25","5,461.39","94.70M","0.39%"
"Nov 19, 2020","5,474.66","5,458.02","5,490.18","5,449.45","93.49M","-0.67%"
"Nov 18, 2020","5,511.45","5,468.17","5,521.01","5,452.12","90.37M","0.52%"
"Nov 17, 2020","5,483.00","5,468.29","5,487.31","5,441.26","97.13M","0.21%"
"Nov 16, 2020","5,471.48","5,430.57","5,518.91","5,402.31","139.10M","1.70%"
"Nov 13, 2020","5,380.16","5,343.32","5,411.12","5,343.25","101.91M","0.33%"
"Nov 12, 2020","5,362.57","5,394.37","5,421.40","5,348.63","103.38M","-1.52%"
"Nov 11, 2020","5,445.21","5,433.66","5,462.95","5,408.67","111.22M","0.48%"
"Nov 10, 2020","5,418.97","5,351.31","5,439.08","5,327.22","209.89M","1.55%"
"Nov 09, 2020","5,336.32","5,036.92","5,387.49","5,021.33","245.97M","7.57%"
"Nov 06, 2020","4,960.88","4,964.26","4,997.74","4,915.24","89.98M","-0.46%"
"Nov 05, 2020","4,983.99","4,956.02","4,998.19","4,942.18","103.97M","1.24%"
"Nov 04, 2020","4,922.85","4,736.46","4,926.56","4,730.31","112.28M","2.44%"
"Nov 03, 2020","4,805.61","4,743.86","4,812.29","4,730.23","114.00M","2.44%"
"Nov 02, 2020","4,691.14","4,614.95","4,705.11","4,581.86","94.94M","2.11%"
"Oct 30, 2020","4,594.24","4,519.37","4,601.74","4,519.37","109.10M","0.54%"
"Oct 29, 2020","4,569.67","4,571.13","4,606.72","4,512.57","120.09M","-0.03%"
"Oct 28, 2020","4,571.12","4,635.19","4,640.63","4,521.61","162.66M","-3.37%"
"Oct 27, 2020","4,730.66","4,818.98","4,818.98","4,723.70","107.93M","-1.77%"
"Oct 26, 2020","4,816.12","4,844.64","4,896.47","4,814.99","85.09M","-1.90%"
"Oct 23, 2020","4,909.64","4,843.28","4,934.71","4,843.14","80.39M","1.20%"
"Oct 22, 2020","4,851.38","4,830.44","4,873.90","4,783.65","89.67M","-0.05%"
"Oct 21, 2020","4,853.95","4,945.33","4,945.33","4,849.01","77.28M","-1.53%"
"Oct 20, 2020","4,929.28","4,932.87","4,968.61","4,914.49","89.48M","-0.27%"
"Oct 19, 2020","4,942.62","4,955.39","4,993.39","4,881.46","44.91M","0.14%"
"Oct 16, 2020","4,935.86","4,904.10","4,957.60","4,875.76","103.41M","2.03%"
"Oct 15, 2020","4,837.42","4,873.03","4,881.31","4,808.58","106.04M","-2.11%"
"Oct 14, 2020","4,941.66","4,956.69","4,965.32","4,928.43","71.56M","-0.12%"
"Oct 13, 2020","4,947.61","4,976.28","4,976.58","4,928.64","81.15M","-0.64%"
"Oct 12, 2020","4,979.29","4,952.47","4,998.51","4,944.00","74.09M","0.66%"
"Oct 09, 2020","4,946.81","4,925.41","4,954.02","4,918.06","82.33M","0.71%"
"Oct 08, 2020","4,911.94","4,910.49","4,936.04","4,877.10","76.90M","0.61%"
"Oct 07, 2020","4,882.00","4,888.49","4,915.63","4,865.26","90.53M","-0.27%"
"Oct 06, 2020","4,895.46","4,881.80","4,925.71","4,850.36","88.77M","0.48%"
"Oct 05, 2020","4,871.87","4,863.63","4,876.86","4,842.26","73.98M","0.97%"
"Oct 02, 2020","4,824.88","4,769.43","4,824.88","4,757.22","78.03M","0.02%"
"Oct 01, 2020","4,824.04","4,850.20","4,871.83","4,804.77","90.32M","0.43%"
"Sep 30, 2020","4,803.44","4,793.19","4,854.02","4,782.69","98.79M","-0.59%"
"Sep 29, 2020","4,832.07","4,832.87","4,846.63","4,806.45","73.79M","-0.23%"
"Sep 28, 2020","4,843.27","4,806.14","4,849.97","4,788.18","96.86M","2.40%"
"Sep 25, 2020","4,729.66","4,754.81","4,758.05","4,666.26","96.96M","-0.69%"
"Sep 24, 2020","4,762.62","4,746.10","4,806.83","4,744.04","97.84M","-0.83%"
"Sep 23, 2020","4,802.26","4,824.17","4,871.45","4,802.26","86.95M","0.62%"
"Sep 22, 2020","4,772.84","4,809.57","4,827.00","4,772.84","92.91M","-0.40%"
"Sep 21, 2020","4,792.04","4,949.76","4,949.76","4,779.21","128.89M","-3.74%"
"Sep 18, 2020","4,978.18","5,035.94","5,041.33","4,978.18","279.16M","-1.22%"
"Sep 17, 2020","5,039.50","5,005.89","5,053.32","4,995.65","85.82M","-0.69%"
"Sep 16, 2020","5,074.42","5,065.75","5,091.52","5,029.56","81.46M","0.13%"
"Sep 15, 2020","5,067.93","5,056.90","5,087.99","5,035.10","79.32M","0.32%"
"Sep 14, 2020","5,051.88","5,071.87","5,087.52","5,034.91","57.54M","0.35%"
"Sep 11, 2020","5,034.14","5,014.97","5,053.63","4,997.86","70.57M","0.20%"
"Sep 10, 2020","5,023.93","5,039.48","5,062.89","5,005.84","70.70M","-0.38%"
"Sep 09, 2020","5,042.98","4,980.46","5,058.35","4,973.36","86.32M","1.40%"
"Sep 08, 2020","4,973.52","5,052.88","5,061.60","4,935.38","85.59M","-1.59%"
"Sep 07, 2020","5,053.72","4,979.87","5,064.64","4,979.87","61.69M","1.79%"
"Sep 04, 2020","4,965.07","4,974.69","5,068.88","4,928.79","108.59M","-0.89%"
"Sep 03, 2020","5,009.52","5,074.64","5,131.39","4,982.34","93.62M","-0.44%"
"Sep 02, 2020","5,031.74","4,969.62","5,062.01","4,959.64","87.00M","1.90%"
"Sep 01, 2020","4,938.10","4,974.42","4,993.56","4,892.83","91.32M","-0.18%"
"Aug 31, 2020","4,947.22","5,041.34","5,067.55","4,942.18","97.43M","-1.11%"
"Aug 28, 2020","5,002.94","5,031.31","5,031.53","4,970.64","71.21M","-0.26%"
"Aug 27, 2020","5,015.97","5,052.26","5,052.26","5,005.46","67.45M","-0.64%"
"Aug 26, 2020","5,048.43","4,991.63","5,050.10","4,977.94","49.32M","0.80%"
"Aug 25, 2020","5,008.27","5,023.06","5,073.61","5,008.27","64.06M","0.01%"
"Aug 24, 2020","5,007.89","4,948.71","5,013.70","4,948.71","68.84M","2.28%"
"Aug 21, 2020","4,896.33","4,927.61","4,939.25","4,839.08","72.89M","-0.30%"
"Aug 20, 2020","4,911.24","4,914.69","4,937.95","4,888.15","66.41M","-1.33%"
"Aug 19, 2020","4,977.23","4,934.79","4,977.23","4,917.53","53.10M","0.79%"
"Aug 18, 2020","4,938.06","4,951.98","5,001.29","4,924.15","60.47M","-0.68%"
"Aug 17, 2020","4,971.94","4,972.59","4,995.55","4,937.72","51.86M","0.18%"
"Aug 14, 2020","4,962.93","5,018.95","5,018.95","4,921.58","66.38M","-1.58%"
"Aug 13, 2020","5,042.38","5,055.42","5,079.02","5,037.55","57.69M","-0.61%"
"Aug 12, 2020","5,073.31","5,017.73","5,096.53","5,010.80","76.79M","0.90%"
"Aug 11, 2020","5,027.99","4,952.41","5,052.12","4,949.05","97.81M","2.41%"
"Aug 10, 2020","4,909.51","4,905.27","4,937.63","4,878.58","62.04M","0.41%"
"Aug 07, 2020","4,889.52","4,873.10","4,896.21","4,843.90","62.37M","0.09%"
"Aug 06, 2020","4,885.13","4,919.41","4,951.86","4,860.98","80.02M","-0.98%"
"Aug 05, 2020","4,933.34","4,916.96","4,954.60","4,907.41","74.97M","0.90%"
"Aug 04, 2020","4,889.52","4,905.66","4,920.80","4,856.65","86.95M","0.28%"
"Aug 03, 2020","4,875.93","4,797.06","4,899.52","4,763.60","104.62M","1.93%"
"Jul 31, 2020","4,783.69","4,866.24","4,902.90","4,783.69","129.68M","-1.43%"
"Jul 30, 2020","4,852.94","4,952.08","4,952.38","4,801.02","137.07M","-2.13%"
"Jul 29, 2020","4,958.74","4,948.48","4,978.50","4,945.58","75.52M","0.60%"
"Jul 28, 2020","4,928.94","4,930.10","4,950.01","4,893.63","78.67M","-0.22%"
"Jul 27, 2020","4,939.62","4,944.30","4,957.77","4,923.19","74.17M","-0.34%"
"Jul 24, 2020","4,956.43","4,973.73","4,982.12","4,925.41","76.46M","-1.54%"
"Jul 23, 2020","5,033.76","5,064.72","5,083.97","5,019.21","79.47M","-0.07%"
"Jul 22, 2020","5,037.12","5,098.48","5,099.29","5,028.48","75.80M","-1.32%"
"Jul 21, 2020","5,104.28","5,129.78","5,172.98","5,097.42","85.78M","0.22%"
"Jul 20, 2020","5,093.18","5,058.48","5,100.79","5,015.11","65.19M","0.47%"
"Jul 17, 2020","5,069.42","5,088.00","5,091.13","5,045.07","82.55M","-0.31%"
"Jul 16, 2020","5,085.28","5,076.52","5,105.12","5,048.32","69.54M","-0.46%"
"Jul 15, 2020","5,108.98","5,045.92","5,145.33","5,039.19","97.82M","2.03%"
"Jul 14, 2020","5,007.46","4,990.48","5,007.46","4,941.73","83.50M","-0.96%"
"Jul 13, 2020","5,056.23","5,026.20","5,060.43","4,980.12","75.19M","1.73%"
"Jul 10, 2020","4,970.48","4,891.61","4,974.37","4,882.50","82.36M","1.01%"
"Jul 09, 2020","4,921.01","5,006.52","5,014.85","4,911.56","83.12M","-1.21%"
"Jul 08, 2020","4,981.13","5,004.82","5,040.52","4,969.83","79.88M","-1.24%"
"Jul 07, 2020","5,043.73","5,054.04","5,056.52","5,009.03","75.99M","-0.74%"
"Jul 06, 2020","5,081.51","5,112.50","5,121.72","5,059.07","88.52M","1.49%"
"Jul 03, 2020","5,007.14","5,056.67","5,062.51","4,982.24","61.98M","-0.84%"
"Jul 02, 2020","5,049.38","4,963.13","5,072.71","4,956.66","115.45M","2.49%"
"Jul 01, 2020","4,926.94","4,939.80","4,963.37","4,851.37","94.50M","-0.18%"
"Jun 30, 2020","4,935.99","4,958.94","4,967.35","4,901.96","102.40M","-0.19%"
"Jun 29, 2020","4,945.46","4,887.23","4,977.63","4,867.33","94.42M","0.73%"
"Jun 26, 2020","4,909.64","4,965.72","5,014.83","4,908.15","83.95M","-0.18%"
"Jun 25, 2020","4,918.58","4,860.16","4,941.96","4,795.05","99.38M","0.97%"
"Jun 24, 2020","4,871.36","4,985.63","5,004.04","4,871.36","97.10M","-2.92%"
"Jun 23, 2020","5,017.68","4,972.88","5,046.31","4,962.60","101.53M","1.39%"
"Jun 22, 2020","4,948.70","4,928.01","5,006.40","4,902.06","84.70M","-0.62%"
"Jun 19, 2020","4,979.45","4,997.53","5,040.47","4,979.45","219.58M","0.42%"
"Jun 18, 2020","4,958.75","4,978.30","5,017.18","4,908.60","101.19M","-0.75%"
"Jun 17, 2020","4,995.97","4,952.57","5,026.84","4,952.57","107.06M","0.88%"
"Jun 16, 2020","4,952.46","4,922.79","5,006.79","4,887.56","144.45M","2.84%"
"Jun 15, 2020","4,815.72","4,716.98","4,841.53","4,691.81","111.89M","-0.49%"
"Jun 12, 2020","4,839.26","4,774.11","4,940.79","4,759.17","133.16M","0.49%"
"Jun 11, 2020","4,815.60","4,925.95","4,956.30","4,815.60","161.27M","-4.71%"
"Jun 10, 2020","5,053.42","5,119.86","5,152.45","5,043.57","121.34M","-0.82%"
"Jun 09, 2020","5,095.11","5,187.09","5,203.42","5,053.21","160.53M","-1.55%"
"Jun 08, 2020","5,175.52","5,159.30","5,213.67","5,137.20","152.91M","-0.43%"
"Jun 05, 2020","5,197.79","5,060.92","5,199.65","5,060.92","186.84M","3.71%"
"Jun 04, 2020","5,011.98","4,994.18","5,052.75","4,966.82","138.79M","-0.21%"
"Jun 03, 2020","5,022.38","4,911.45","5,026.45","4,909.99","160.11M","3.36%"
"Jun 02, 2020","4,858.97","4,799.88","4,880.15","4,795.28","126.84M","2.02%"
"Jun 01, 2020","4,762.78","4,776.72","4,782.03","4,721.63","75.98M","1.43%"
"May 29, 2020","4,695.44","4,733.98","4,768.85","4,695.36","167.18M","-1.59%"
"May 28, 2020","4,771.39","4,718.11","4,784.09","4,701.52","127.44M","1.76%"
"May 27, 2020","4,688.74","4,621.77","4,711.99","4,614.41","177.96M","1.79%"
"May 26, 2020","4,606.24","4,588.30","4,619.84","4,573.89","140.17M","1.46%"
"May 25, 2020","4,539.91","4,482.54","4,539.91","4,451.56","65.97M","2.15%"
"May 22, 2020","4,444.56","4,381.82","4,475.35","4,368.80","99.19M","-0.02%"
"May 21, 2020","4,445.45","4,443.92","4,498.08","4,429.27","88.24M","-1.15%"
"May 20, 2020","4,496.98","4,434.62","4,499.79","4,396.20","107.24M","0.87%"
"May 19, 2020","4,458.16","4,536.07","4,536.07","4,421.11","138.77M","-0.89%"
"May 18, 2020","4,498.34","4,361.03","4,508.95","4,354.73","119.51M","5.16%"
"May 15, 2020","4,277.63","4,314.97","4,335.77","4,255.19","111.24M","0.11%"
"May 14, 2020","4,273.13","4,294.01","4,313.26","4,194.58","127.63M","-1.65%"
"May 13, 2020","4,344.95","4,420.50","4,422.74","4,336.56","103.29M","-2.85%"
"May 12, 2020","4,472.50","4,473.43","4,499.39","4,453.65","99.27M","-0.39%"
"May 11, 2020","4,490.22","4,561.19","4,569.76","4,460.24","83.49M","-1.31%"
"May 08, 2020","4,549.64","4,538.09","4,560.19","4,519.59","49.41M","1.07%"
"May 07, 2020","4,501.44","4,456.44","4,503.94","4,440.98","78.23M","1.54%"
"May 06, 2020","4,433.38","4,484.16","4,484.16","4,425.78","83.24M","-1.11%"
"May 05, 2020","4,483.13","4,455.74","4,492.52","4,419.95","93.37M","2.40%"
"May 04, 2020","4,378.23","4,413.14","4,427.74","4,362.13","124.81M","-4.24%"
"Apr 30, 2020","4,572.18","4,693.28","4,719.74","4,554.91","141.61M","-2.12%"
"Apr 29, 2020","4,671.11","4,566.29","4,678.93","4,552.81","111.69M","2.22%"
"Apr 28, 2020","4,569.79","4,507.42","4,601.94","4,493.51","104.39M","1.43%"
"Apr 27, 2020","4,505.26","4,479.86","4,505.26","4,448.05","75.90M","2.55%"
"Apr 24, 2020","4,393.32","4,387.03","4,448.73","4,366.09","81.30M","-1.30%"
"Apr 23, 2020","4,451.00","4,450.19","4,495.90","4,395.75","90.08M","0.89%"
"Apr 22, 2020","4,411.80","4,382.20","4,417.57","4,361.44","84.20M","1.25%"
"Apr 21, 2020","4,357.46","4,467.49","4,477.31","4,357.46","98.90M","-3.77%"
"Apr 20, 2020","4,528.30","4,531.34","4,531.34","4,426.24","79.83M","0.65%"
"Apr 17, 2020","4,499.01","4,470.92","4,550.78","4,464.09","134.39M","3.42%"
"Apr 16, 2020","4,350.16","4,402.38","4,418.65","4,318.90","107.75M","-0.08%"
"Apr 15, 2020","4,353.72","4,511.87","4,525.50","4,335.59","119.36M","-3.76%"
"Apr 14, 2020","4,523.91","4,553.55","4,577.84","4,497.56","104.76M","0.38%"
"Apr 09, 2020","4,506.85","4,512.30","4,543.69","4,409.04","126.59M","1.44%"
"Apr 08, 2020","4,442.75","4,397.36","4,442.75","4,333.09","96.26M","0.10%"
"Apr 07, 2020","4,438.27","4,489.40","4,527.60","4,379.27","146.54M","2.12%"
"Apr 06, 2020","4,346.14","4,298.50","4,353.21","4,268.52","141.47M","4.61%"
"Apr 03, 2020","4,154.58","4,204.81","4,214.59","4,142.28","124.04M","-1.57%"
"Apr 02, 2020","4,220.96","4,243.84","4,265.56","4,143.16","135.20M","0.33%"
"Apr 01, 2020","4,207.24","4,259.94","4,266.69","4,186.45","141.86M","-4.30%"
"Mar 31, 2020","4,396.12","4,437.78","4,468.52","4,309.72","151.40M","0.40%"
"Mar 30, 2020","4,378.51","4,362.09","4,379.15","4,216.41","119.40M","0.62%"
"Mar 27, 2020","4,351.49","4,433.95","4,471.37","4,288.66","144.02M","-4.23%"
"Mar 26, 2020","4,543.58","4,332.79","4,543.58","4,296.06","150.66M","2.51%"
"Mar 25, 2020","4,432.30","4,339.71","4,453.01","4,221.32","176.94M","4.47%"
"Mar 24, 2020","4,242.70","4,087.61","4,242.70","4,038.06","185.44M","8.39%"
"Mar 23, 2020","3,914.31","3,869.01","4,097.82","3,851.17","195.85M","-3.32%"
"Mar 20, 2020","4,048.80","4,066.79","4,109.11","3,984.30","271.87M","5.01%"
"Mar 19, 2020","3,855.50","3,833.99","3,909.15","3,691.08","199.53M","2.68%"
"Mar 18, 2020","3,754.84","3,905.53","3,908.72","3,726.45","214.27M","-5.94%"
"Mar 17, 2020","3,991.78","4,041.33","4,042.46","3,759.00","225.79M","2.84%"
"Mar 16, 2020","3,881.46","3,886.82","3,962.01","3,632.06","311.60M","-5.75%"
"Mar 13, 2020","4,118.36","4,234.37","4,438.51","4,055.19","326.46M","1.83%"
"Mar 12, 2020","4,044.26","4,374.67","4,404.26","4,025.89","371.40M","-12.28%"
"Mar 11, 2020","4,610.25","4,716.22","4,766.00","4,603.05","206.90M","-0.57%"
"Mar 10, 2020","4,636.61","4,770.62","4,924.84","4,615.16","280.31M","-1.51%"
"Mar 09, 2020","4,707.91","4,845.27","4,863.34","4,691.20","329.16M","-8.39%"
"Mar 06, 2020","5,139.11","5,253.82","5,284.08","5,117.57","198.43M","-4.14%"
"Mar 05, 2020","5,361.10","5,490.52","5,494.16","5,329.24","155.48M","-1.90%"
"Mar 04, 2020","5,464.89","5,400.43","5,493.25","5,357.35","152.46M","1.33%"
"Mar 03, 2020","5,393.17","5,408.15","5,509.28","5,371.66","186.27M","1.12%"
"Mar 02, 2020","5,333.52","5,416.02","5,430.05","5,197.57","201.84M","0.44%"
"Feb 28, 2020","5,309.90","5,310.82","5,376.05","5,229.56","268.47M","-3.38%"
"Feb 27, 2020","5,495.60","5,571.72","5,613.72","5,421.31","216.33M","-3.32%"
"Feb 26, 2020","5,684.55","5,646.14","5,707.31","5,526.14","161.98M","0.09%"
"Feb 25, 2020","5,679.68","5,825.37","5,828.46","5,670.71","143.62M","-1.94%"
"Feb 24, 2020","5,791.87","5,875.86","5,884.86","5,765.17","175.27M","-3.94%"
"Feb 21, 2020","6,029.72","6,035.03","6,067.29","5,995.14","97.33M","-0.54%"
"Feb 20, 2020","6,062.30","6,105.17","6,110.95","6,062.30","91.06M","-0.80%"
"Feb 19, 2020","6,111.24","6,086.11","6,111.41","6,072.66","80.16M","0.90%"
"Feb 18, 2020","6,056.82","6,042.38","6,079.50","6,039.94","89.93M","-0.48%"
"Feb 17, 2020","6,085.95","6,079.53","6,088.60","6,064.92","58.00M","0.27%"
"Feb 14, 2020","6,069.35","6,096.07","6,096.07","6,067.14","77.99M","-0.39%"
"Feb 13, 2020","6,093.14","6,076.92","6,098.26","6,028.28","92.67M","-0.19%"
"Feb 12, 2020","6,104.73","6,064.25","6,104.73","6,062.97","92.68M","0.83%"
"Feb 11, 2020","6,054.76","6,047.96","6,060.97","6,032.79","81.57M","0.65%"
"Feb 10, 2020","6,015.67","6,008.48","6,018.31","5,993.91","65.70M","-0.23%"
"Feb 07, 2020","6,029.75","6,027.54","6,044.97","5,999.95","82.35M","-0.14%"
"Feb 06, 2020","6,038.18","6,045.04","6,050.94","6,008.55","106.15M","0.88%"
"Feb 05, 2020","5,985.40","5,919.06","6,004.33","5,912.49","107.84M","0.85%"
"Feb 04, 2020","5,935.05","5,863.36","5,935.05","5,862.82","85.60M","1.76%"
"Feb 03, 2020","5,832.51","5,822.04","5,857.40","5,804.14","75.68M","0.45%"
"Jan 31, 2020","5,806.34","5,891.71","5,894.69","5,799.04","101.86M","-1.11%"
"Jan 30, 2020","5,871.77","5,886.02","5,904.08","5,846.45","89.99M","-1.40%"
"Jan 29, 2020","5,954.89","5,921.97","5,969.73","5,916.23","74.11M","0.49%"
"Jan 28, 2020","5,925.82","5,886.81","5,933.72","5,857.23","84.49M","1.07%"
"Jan 27, 2020","5,863.02","5,924.06","5,942.83","5,851.00","104.04M","-2.68%"
"Jan 24, 2020","6,024.26","6,019.60","6,064.55","6,016.77","82.33M","0.88%"
"Jan 23, 2020","5,971.79","5,992.47","6,024.32","5,961.87","90.04M","-0.65%"
"Jan 22, 2020","6,010.98","6,053.85","6,069.26","6,005.77","69.41M","-0.58%"
"Jan 21, 2020","6,045.99","6,034.24","6,045.99","5,994.17","63.92M","-0.54%"
"Jan 20, 2020","6,078.54","6,092.97","6,094.09","6,071.17","41.27M","-0.36%"
"Jan 17, 2020","6,100.72","6,066.29","6,109.81","6,066.29","79.32M","1.02%"
"Jan 16, 2020","6,039.03","6,039.62","6,058.97","6,021.03","76.03M","0.11%"
"Jan 15, 2020","6,032.61","6,042.72","6,053.01","6,011.28","79.85M","-0.14%"
"Jan 14, 2020","6,040.89","6,037.45","6,046.12","5,980.05","75.44M","0.08%"
"Jan 13, 2020","6,036.14","6,040.91","6,058.69","6,018.33","65.19M","-0.02%"
"Jan 10, 2020","6,037.11","6,056.74","6,057.83","6,028.29","64.39M","-0.09%"
"Jan 09, 2020","6,042.55","6,066.75","6,071.66","6,034.15","67.96M","0.19%"
"Jan 08, 2020","6,031.00","5,986.81","6,031.00","5,972.77","71.43M","0.31%"
"Jan 07, 2020","6,012.35","6,033.22","6,065.74","6,000.00","69.59M","-0.02%"
"Jan 06, 2020","6,013.59","6,001.21","6,017.97","5,955.25","69.06M","-0.51%"
"Jan 03, 2020","6,044.16","6,007.96","6,044.16","5,994.59","60.49M","0.04%"
"Jan 02, 2020","6,041.50","6,016.61","6,062.92","6,011.21","63.96M","1.06%"
"Dec 31, 2019","5,978.06","5,970.59","5,987.22","5,958.25","20.67M","-0.07%"
"Dec 30, 2019","5,982.22","6,028.96","6,037.70","5,982.22","40.32M","-0.91%"
"Dec 27, 2019","6,037.39","6,039.95","6,065.00","6,027.72","47.29M","0.13%"
"Dec 24, 2019","6,029.55","6,027.19","6,033.99","6,025.62","12.44M","0.00%"
"Dec 23, 2019","6,029.37","6,013.56","6,035.95","6,005.96","46.60M","0.13%"
"Dec 20, 2019","6,021.53","5,979.53","6,024.17","5,966.88","151.36M","0.82%"
"Dec 19, 2019","5,972.28","5,963.87","5,972.28","5,942.88","72.32M","0.21%"
"Dec 18, 2019","5,959.60","5,971.40","5,983.02","5,959.60","80.80M","-0.15%"
"Dec 17, 2019","5,968.26","5,989.48","5,989.48","5,955.36","84.48M","-0.39%"
"Dec 16, 2019","5,991.66","5,946.65","6,003.38","5,942.30","77.24M","1.23%"
"Dec 13, 2019","5,919.02","5,968.86","5,972.17","5,907.22","113.20M","0.59%"
"Dec 12, 2019","5,884.26","5,871.20","5,915.65","5,845.00","91.51M","0.40%"
"Dec 11, 2019","5,860.88","5,844.02","5,865.88","5,825.42","62.94M","0.22%"
"Dec 10, 2019","5,848.03","5,833.48","5,851.11","5,776.67","73.07M","0.18%"
"Dec 09, 2019","5,837.25","5,865.73","5,870.79","5,836.14","56.25M","-0.59%"
"Dec 06, 2019","5,871.91","5,815.75","5,871.91","5,811.29","75.93M","1.21%"
"Dec 05, 2019","5,801.55","5,808.26","5,849.78","5,801.46","73.42M","0.03%"
"Dec 04, 2019","5,799.68","5,725.97","5,812.71","5,725.97","89.69M","1.27%"
"Dec 03, 2019","5,727.22","5,787.14","5,800.93","5,697.06","86.29M","-1.03%"
"Dec 02, 2019","5,786.74","5,910.12","5,947.68","5,781.03","99.39M","-2.01%"
"Nov 29, 2019","5,905.17","5,895.89","5,929.79","5,885.66","61.64M","-0.13%"
"Nov 28, 2019","5,912.72","5,909.95","5,919.13","5,900.21","42.73M","-0.24%"
"Nov 27, 2019","5,926.84","5,943.45","5,947.30","5,921.92","68.03M","-0.05%"
"Nov 26, 2019","5,929.62","5,927.41","5,941.51","5,909.93","112.04M","0.08%"
"Nov 25, 2019","5,924.86","5,917.84","5,933.75","5,908.29","62.13M","0.54%"
"Nov 22, 2019","5,893.13","5,885.61","5,930.46","5,885.61","75.15M","0.20%"
"Nov 21, 2019","5,881.21","5,860.55","5,895.57","5,834.26","76.24M","-0.22%"
"Nov 20, 2019","5,894.03","5,880.69","5,902.95","5,859.58","74.18M","-0.25%"
"Nov 19, 2019","5,909.05","5,936.99","5,966.79","5,895.91","72.29M","-0.35%"
"Nov 18, 2019","5,929.79","5,939.64","5,942.47","5,900.35","70.81M","-0.16%"
"Nov 15, 2019","5,939.27","5,933.07","5,947.62","5,907.95","74.07M","0.65%"
"Nov 14, 2019","5,901.08","5,902.40","5,916.90","5,894.07","67.17M","-0.10%"
"Nov 13, 2019","5,907.09","5,908.16","5,917.57","5,874.06","76.99M","-0.21%"
"Nov 12, 2019","5,919.75","5,904.27","5,931.19","5,897.30","72.09M","0.44%"
"Nov 11, 2019","5,893.82","5,873.74","5,906.33","5,871.71","60.61M","0.07%"
"Nov 08, 2019","5,889.70","5,867.42","5,889.70","5,861.61","94.39M","-0.02%"
"Nov 07, 2019","5,890.99","5,888.84","5,894.87","5,871.18","105.69M","0.41%"
"Nov 06, 2019","5,866.74","5,847.61","5,876.27","5,838.40","86.95M","0.34%"
"Nov 05, 2019","5,846.89","5,825.60","5,850.01","5,818.94","78.41M","0.39%"
"Nov 04, 2019","5,824.30","5,788.36","5,833.69","5,784.85","86.43M","1.08%"
"Nov 01, 2019","5,761.89","5,749.48","5,778.29","5,739.70","65.87M","0.56%"
"Oct 31, 2019","5,729.86","5,770.26","5,778.24","5,718.63","112.06M","-0.62%"
"Oct 30, 2019","5,765.87","5,749.69","5,765.87","5,720.27","90.96M","0.45%"
"Oct 29, 2019","5,740.14","5,728.10","5,742.08","5,715.26","74.57M","0.17%"
"Oct 28, 2019","5,730.57","5,720.73","5,747.10","5,711.10","69.81M","0.15%"
"Oct 25, 2019","5,722.15","5,694.90","5,722.64","5,671.82","71.71M","0.67%"
"Oct 24, 2019","5,684.33","5,678.26","5,691.50","5,659.95","83.63M","0.55%"
"Oct 23, 2019","5,653.44","5,617.30","5,657.65","5,616.02","75.28M","-0.08%"
"Oct 22, 2019","5,657.69","5,644.98","5,658.65","5,612.86","67.30M","0.17%"
"Oct 21, 2019","5,648.35","5,633.04","5,664.58","5,625.10","77.64M","0.21%"
"Oct 18, 2019","5,636.25","5,653.08","5,667.59","5,621.87","95.32M","-0.65%"
"Oct 17, 2019","5,673.07","5,679.92","5,737.15","5,673.07","88.70M","-0.42%"
"Oct 16, 2019","5,696.90","5,703.39","5,708.91","5,677.96","83.93M","-0.09%"
"Oct 15, 2019","5,702.05","5,676.74","5,724.31","5,659.69","88.01M","1.04%"
"Oct 14, 2019","5,643.08","5,646.33","5,649.67","5,600.11","65.36M","-0.40%"
"Oct 11, 2019","5,665.48","5,576.95","5,667.40","5,574.26","115.45M","1.73%"
"Oct 10, 2019","5,569.05","5,520.98","5,581.07","5,487.17","87.26M","1.27%"
"Oct 09, 2019","5,499.14","5,458.16","5,515.64","5,447.01","69.27M","0.78%"
"Oct 08, 2019","5,456.62","5,526.01","5,531.29","5,451.72","72.69M","-1.18%"
"Oct 07, 2019","5,521.61","5,476.77","5,524.19","5,461.59","60.95M","0.61%"
"Oct 04, 2019","5,488.32","5,456.83","5,488.32","5,426.00","76.20M","0.91%"
"Oct 03, 2019","5,438.77","5,432.01","5,472.62","5,393.49","83.77M","0.30%"
"Oct 02, 2019","5,422.77","5,587.14","5,589.20","5,422.77","104.45M","-3.12%"
"Oct 01, 2019","5,597.63","5,696.20","5,704.93","5,594.93","75.96M","-1.41%"
"Sep 30, 2019","5,677.79","5,636.15","5,678.20","5,624.94","77.13M","0.66%"
"Sep 27, 2019","5,640.58","5,627.44","5,645.36","5,621.58","69.25M","0.36%"
"Sep 26, 2019","5,620.57","5,573.63","5,632.15","5,572.41","71.04M","0.66%"
"Sep 25, 2019","5,583.80","5,598.50","5,600.76","5,531.62","80.84M","-0.79%"
"Sep 24, 2019","5,628.33","5,644.46","5,648.46","5,625.24","67.26M","-0.04%"
"Sep 23, 2019","5,630.76","5,679.31","5,683.93","5,619.29","81.63M","-1.05%"
"Sep 20, 2019","5,690.78","5,655.37","5,696.25","5,647.53","188.62M","0.56%"
"Sep 19, 2019","5,659.08","5,617.70","5,662.86","5,616.91","78.68M","0.68%"
"Sep 18, 2019","5,620.65","5,609.92","5,634.79","5,601.65","68.99M","0.09%"
"Sep 17, 2019","5,615.51","5,602.96","5,619.45","5,587.74","82.37M","0.24%"
"Sep 16, 2019","5,602.23","5,626.61","5,632.74","5,602.23","76.13M","-0.94%"
"Sep 13, 2019","5,655.46","5,649.23","5,672.07","5,638.17","85.60M","0.22%"
"Sep 12, 2019","5,642.86","5,633.95","5,667.46","5,596.37","110.36M","0.44%"
"Sep 11, 2019","5,618.06","5,606.43","5,626.05","5,606.43","92.10M","0.44%"
"Sep 10, 2019","5,593.21","5,586.88","5,596.94","5,555.51","106.34M","0.08%"
"Sep 09, 2019","5,588.95","5,606.36","5,611.59","5,579.93","73.88M","-0.27%"
"Sep 06, 2019","5,603.99","5,592.07","5,610.70","5,581.54","71.14M","0.19%"
"Sep 05, 2019","5,593.37","5,569.59","5,605.88","5,559.82","84.38M","1.11%"
"Sep 04, 2019","5,532.07","5,518.92","5,537.10","5,508.50","60.94M","1.21%"
"Sep 03, 2019","5,466.07","5,484.36","5,484.54","5,441.18","57.45M","-0.49%"
"Sep 02, 2019","5,493.04","5,483.43","5,502.58","5,479.82","42.35M","0.23%"
"Aug 30, 2019","5,480.48","5,451.60","5,504.01","5,446.58","78.42M","0.56%"
"Aug 29, 2019","5,449.97","5,359.00","5,452.90","5,354.55","69.42M","1.51%"
"Aug 28, 2019","5,368.80","5,372.08","5,375.04","5,322.99","62.43M","-0.34%"
"Aug 27, 2019","5,387.09","5,349.85","5,399.18","5,321.88","70.02M","0.67%"
"Aug 26, 2019","5,351.02","5,310.16","5,377.02","5,300.99","49.09M","0.45%"
"Aug 23, 2019","5,326.87","5,413.41","5,421.28","5,326.87","70.29M","-1.14%"
"Aug 22, 2019","5,388.25","5,414.81","5,439.64","5,378.25","70.43M","-0.87%"
"Aug 21, 2019","5,435.48","5,360.03","5,441.35","5,360.03","57.21M","1.70%"
"Aug 20, 2019","5,344.64","5,363.59","5,391.23","5,328.94","65.79M","-0.50%"
"Aug 19, 2019","5,371.56","5,333.13","5,378.74","5,325.72","71.54M","1.34%"
"Aug 16, 2019","5,300.79","5,254.62","5,306.07","5,249.33","99.10M","1.22%"
"Aug 15, 2019","5,236.93","5,274.90","5,278.07","5,170.77","88.56M","-0.27%"
"Aug 14, 2019","5,251.30","5,367.54","5,367.54","5,233.86","97.17M","-2.08%"
"Aug 13, 2019","5,363.07","5,292.94","5,402.99","5,268.47","99.39M","0.99%"
"Aug 12, 2019","5,310.31","5,362.39","5,386.46","5,293.76","60.27M","-0.33%"
"Aug 09, 2019","5,327.92","5,368.84","5,374.90","5,317.91","73.30M","-1.11%"
"Aug 08, 2019","5,387.96","5,333.18","5,387.96","5,305.86","81.70M","2.31%"
"Aug 07, 2019","5,266.51","5,252.73","5,312.31","5,226.39","92.20M","0.61%"
"Aug 06, 2019","5,234.65","5,245.52","5,297.45","5,234.65","90.98M","-0.13%"
"Aug 05, 2019","5,241.55","5,296.08","5,315.60","5,230.46","108.78M","-2.19%"
"Aug 02, 2019","5,359.00","5,427.55","5,455.13","5,350.76","135.04M","-3.57%"
"Aug 01, 2019","5,557.41","5,500.91","5,563.65","5,499.88","83.90M","0.70%"
"Jul 31, 2019","5,518.90","5,511.51","5,538.59","5,503.13","86.82M","0.14%"
"Jul 30, 2019","5,511.07","5,610.73","5,611.00","5,496.77","90.06M","-1.61%"
"Jul 29, 2019","5,601.10","5,598.65","5,624.34","5,590.82","61.13M","-0.16%"
"Jul 26, 2019","5,610.05","5,572.72","5,614.25","5,568.83","73.95M","0.57%"
"Jul 25, 2019","5,578.05","5,646.73","5,672.77","5,549.66","109.64M","-0.50%"
"Jul 24, 2019","5,605.87","5,617.86","5,627.08","5,583.14","71.05M","-0.22%"
"Jul 23, 2019","5,618.16","5,590.60","5,638.66","5,580.52","80.26M","0.92%"
"Jul 22, 2019","5,567.02","5,550.30","5,575.74","5,545.61","59.92M","0.26%"
"Jul 19, 2019","5,552.34","5,580.99","5,598.00","5,534.25","67.54M","0.03%"
"Jul 18, 2019","5,550.55","5,538.03","5,585.81","5,533.47","65.22M","-0.38%"
"Jul 17, 2019","5,571.71","5,602.25","5,621.21","5,567.85","65.73M","-0.76%"
"Jul 16, 2019","5,614.38","5,574.18","5,626.79","5,573.36","68.07M","0.65%"
"Jul 15, 2019","5,578.21","5,581.11","5,606.48","5,550.86","55.43M","0.10%"
"Jul 12, 2019","5,572.86","5,559.16","5,587.84","5,552.58","62.28M","0.38%"
"Jul 11, 2019","5,551.95","5,589.68","5,592.30","5,548.95","59.25M","-0.28%"
"Jul 10, 2019","5,567.59","5,562.44","5,606.18","5,557.66","62.66M","-0.08%"
"Jul 09, 2019","5,572.10","5,578.34","5,582.77","5,544.62","64.27M","-0.31%"
"Jul 08, 2019","5,589.19","5,580.26","5,598.97","5,572.77","56.69M","-0.08%"
"Jul 05, 2019","5,593.72","5,613.92","5,616.63","5,573.35","65.87M","-0.48%"
"Jul 04, 2019","5,620.73","5,622.80","5,629.79","5,613.03","47.60M","0.03%"
"Jul 03, 2019","5,618.81","5,579.24","5,618.81","5,579.04","65.25M","0.75%"
"Jul 02, 2019","5,576.82","5,578.38","5,582.91","5,556.76","69.66M","0.16%"
"Jul 01, 2019","5,567.91","5,584.13","5,611.28","5,567.91","72.84M","0.52%"
"Jun 28, 2019","5,538.97","5,491.17","5,545.06","5,486.28","80.40M","0.83%"
"Jun 27, 2019","5,493.61","5,508.38","5,511.22","5,465.62","70.58M","-0.13%"
"Jun 26, 2019","5,500.72","5,504.67","5,531.45","5,497.22","74.38M","-0.25%"
"Jun 25, 2019","5,514.57","5,499.82","5,523.57","5,499.65","69.69M","-0.13%"
"Jun 24, 2019","5,521.71","5,534.35","5,547.11","5,514.14","71.22M","-0.12%"
"Jun 21, 2019","5,528.33","5,534.43","5,582.24","5,518.39","186.45M","-0.13%"
"Jun 20, 2019","5,535.57","5,551.03","5,564.13","5,535.57","94.35M","0.31%"
"Jun 19, 2019","5,518.45","5,513.32","5,521.81","5,496.54","96.95M","0.16%"
"Jun 18, 2019","5,509.73","5,386.38","5,516.06","5,376.12","115.58M","2.20%"
"Jun 17, 2019","5,390.95","5,370.76","5,408.75","5,368.07","61.98M","0.43%"
"Jun 14, 2019","5,367.62","5,367.10","5,369.38","5,342.15","67.56M","-0.15%"
"Jun 13, 2019","5,375.63","5,361.60","5,392.51","5,353.11","71.45M","0.01%"
"Jun 12, 2019","5,374.92","5,379.15","5,394.85","5,358.81","73.50M","-0.62%"
"Jun 11, 2019","5,408.45","5,382.88","5,431.54","5,381.31","85.09M","0.48%"
"Jun 10, 2019","5,382.50","5,382.29","5,397.35","5,369.82","45.85M","0.34%"
"Jun 07, 2019","5,364.05","5,299.71","5,389.95","5,299.71","88.15M","1.62%"
"Jun 06, 2019","5,278.43","5,293.72","5,332.69","5,264.62","100.76M","-0.26%"
"Jun 05, 2019","5,292.00","5,271.26","5,306.83","5,265.60","85.57M","0.45%"
"Jun 04, 2019","5,268.26","5,204.22","5,278.91","5,191.61","104.12M","0.51%"
"Jun 03, 2019","5,241.46","5,171.61","5,241.46","5,152.30","85.04M","0.65%"
"May 31, 2019","5,207.63","5,198.76","5,208.07","5,160.91","95.54M","-0.79%"
"May 30, 2019","5,248.91","5,241.95","5,258.05","5,229.74","55.59M","0.51%"
"May 29, 2019","5,222.12","5,249.27","5,252.52","5,203.81","99.89M","-1.70%"
"May 28, 2019","5,312.69","5,343.30","5,351.09","5,300.80","127.34M","-0.44%"
"May 27, 2019","5,336.19","5,341.39","5,364.22","5,323.17","56.83M","0.37%"
"May 24, 2019","5,316.51","5,307.80","5,337.66","5,302.52","89.06M","0.67%"
"May 23, 2019","5,281.37","5,335.12","5,340.38","5,272.78","98.23M","-1.81%"
"May 22, 2019","5,378.98","5,381.69","5,399.72","5,345.28","71.57M","-0.12%"
"May 21, 2019","5,385.46","5,373.01","5,394.91","5,350.13","81.73M","0.50%"
"May 20, 2019","5,358.59","5,425.30","5,438.60","5,333.31","91.53M","-1.46%"
"May 17, 2019","5,438.23","5,428.17","5,450.65","5,401.66","99.76M","-0.18%"
"May 16, 2019","5,448.11","5,365.37","5,448.11","5,346.54","92.43M","1.37%"
"May 15, 2019","5,374.26","5,348.34","5,374.26","5,297.30","106.74M","0.62%"
"May 14, 2019","5,341.35","5,292.08","5,341.35","5,288.92","89.06M","1.50%"
"May 13, 2019","5,262.57","5,332.30","5,334.06","5,247.66","90.32M","-1.22%"
"May 10, 2019","5,327.44","5,353.50","5,372.25","5,312.01","85.11M","0.27%"
"May 09, 2019","5,313.16","5,358.10","5,363.77","5,307.06","99.32M","-1.93%"
"May 08, 2019","5,417.59","5,388.72","5,426.32","5,378.18","78.54M","0.40%"
"May 07, 2019","5,395.75","5,478.55","5,490.33","5,387.99","96.69M","-1.60%"
"May 06, 2019","5,483.52","5,450.83","5,489.54","5,422.59","79.62M","-1.18%"
"May 03, 2019","5,548.84","5,537.46","5,563.12","5,535.58","69.63M","0.18%"
"May 02, 2019","5,538.86","5,568.20","5,573.16","5,537.99","95.30M","-0.85%"
"Apr 30, 2019","5,586.41","5,570.43","5,586.41","5,553.10","95.05M","0.10%"
"Apr 29, 2019","5,580.98","5,567.09","5,593.60","5,547.12","69.29M","0.21%"
"Apr 26, 2019","5,569.36","5,570.07","5,575.25","5,546.82","77.76M","0.21%"
"Apr 25, 2019","5,557.67","5,569.21","5,571.86","5,538.30","78.23M","-0.33%"
"Apr 24, 2019","5,576.06","5,581.16","5,597.60","5,557.21","86.81M","-0.28%"
"Apr 23, 2019","5,591.69","5,577.52","5,596.21","5,564.94","89.75M","0.20%"
"Apr 18, 2019","5,580.38","5,548.66","5,601.38","5,527.94","108.89M","0.31%"
"Apr 17, 2019","5,563.09","5,528.01","5,569.28","5,522.61","89.42M","0.62%"
"Apr 16, 2019","5,528.67","5,510.72","5,532.31","5,503.35","78.38M","0.36%"
"Apr 15, 2019","5,508.73","5,501.51","5,518.37","5,497.53","69.49M","0.11%"
"Apr 12, 2019","5,502.70","5,478.95","5,510.99","5,474.36","84.27M","0.31%"
"Apr 11, 2019","5,485.72","5,474.33","5,498.89","5,446.20","77.56M","0.66%"
"Apr 10, 2019","5,449.88","5,442.68","5,461.34","5,440.32","72.99M","0.25%"
"Apr 09, 2019","5,436.42","5,453.00","5,491.85","5,436.42","71.06M","-0.65%"
"Apr 08, 2019","5,471.78","5,471.74","5,486.63","5,462.38","60.27M","-0.08%"
"Apr 05, 2019","5,476.20","5,469.34","5,486.00","5,464.85","79.97M","0.23%"
"Apr 04, 2019","5,463.80","5,460.83","5,474.41","5,448.40","71.96M","-0.09%"
"Apr 03, 2019","5,468.91","5,458.02","5,473.92","5,451.44","90.47M","0.84%"
"Apr 02, 2019","5,423.47","5,409.68","5,433.51","5,403.44","69.23M","0.33%"
"Apr 01, 2019","5,405.53","5,394.50","5,414.53","5,376.18","79.57M","1.03%"
"Mar 29, 2019","5,350.53","5,334.56","5,356.07","5,315.11","81.49M","1.02%"
"Mar 28, 2019","5,296.54","5,299.03","5,327.73","5,291.64","76.68M","-0.09%"
"Mar 27, 2019","5,301.24","5,312.70","5,340.05","5,279.65","95.76M","-0.12%"
"Mar 26, 2019","5,307.38","5,271.14","5,315.29","5,257.79","66.78M","0.89%"
"Mar 25, 2019","5,260.64","5,211.76","5,276.74","5,211.76","80.00M","-0.18%"
"Mar 22, 2019","5,269.92","5,394.46","5,398.47","5,264.13","112.73M","-2.03%"
"Mar 21, 2019","5,378.85","5,378.41","5,393.33","5,349.00","77.95M","-0.07%"
"Mar 20, 2019","5,382.66","5,417.21","5,429.44","5,382.66","83.31M","-0.80%"
"Mar 19, 2019","5,425.90","5,406.23","5,443.10","5,403.58","72.89M","0.24%"
"Mar 18, 2019","5,412.83","5,403.54","5,416.49","5,401.47","73.39M","0.14%"
"Mar 15, 2019","5,405.32","5,352.88","5,421.51","5,351.88","220.25M","1.04%"
"Mar 14, 2019","5,349.78","5,308.75","5,358.41","5,308.75","83.17M","0.82%"
"Mar 13, 2019","5,306.38","5,263.01","5,309.77","5,261.89","74.26M","0.69%"
"Mar 12, 2019","5,270.25","5,290.94","5,294.83","5,245.76","82.11M","0.08%"
"Mar 11, 2019","5,265.96","5,253.49","5,268.59","5,230.16","74.18M","0.66%"
"Mar 08, 2019","5,231.22","5,233.97","5,252.35","5,221.03","102.97M","-0.70%"
"Mar 07, 2019","5,267.92","5,282.14","5,306.09","5,249.32","103.55M","-0.39%"
"Mar 06, 2019","5,288.81","5,288.40","5,314.97","5,281.95","19.09M","-0.16%"
"Mar 05, 2019","5,297.52","5,288.55","5,297.99","5,267.57","76.56M","0.21%"
"Mar 04, 2019","5,286.57","5,291.13","5,310.64","5,283.35","65.30M","0.41%"
"Mar 01, 2019","5,265.19","5,267.14","5,286.69","5,262.47","91.05M","0.47%"
"Feb 28, 2019","5,240.53","5,204.77","5,247.55","5,204.77","114.24M","0.29%"
"Feb 27, 2019","5,225.35","5,218.12","5,236.83","5,211.54","89.56M","-0.26%"
"Feb 26, 2019","5,238.72","5,212.86","5,248.50","5,197.29","76.92M","0.13%"
"Feb 25, 2019","5,231.85","5,228.25","5,242.22","5,219.39","74.50M","0.31%"
"Feb 22, 2019","5,215.85","5,190.94","5,226.80","5,190.28","77.54M","0.38%"
"Feb 21, 2019","5,196.11","5,200.12","5,206.38","5,180.62","98.10M","0.00%"
"Feb 20, 2019","5,195.95","5,168.59","5,202.90","5,159.06","77.03M","0.69%"
"Feb 19, 2019","5,160.52","5,162.31","5,176.41","5,137.17","69.58M","-0.16%"
"Feb 18, 2019","5,168.54","5,149.06","5,170.96","5,147.81","62.70M","0.30%"
"Feb 15, 2019","5,153.19","5,061.54","5,164.58","5,059.50","113.88M","1.79%"
"Feb 14, 2019","5,062.52","5,117.79","5,117.79","5,062.52","92.80M","-0.23%"
"Feb 13, 2019","5,074.27","5,071.54","5,092.19","5,061.60","87.35M","0.35%"
"Feb 12, 2019","5,056.35","5,052.33","5,073.79","5,039.99","83.93M","0.84%"
"Feb 11, 2019","5,014.47","4,988.09","5,023.29","4,986.30","72.21M","1.06%"
"Feb 08, 2019","4,961.64","4,980.81","5,005.64","4,946.14","103.29M","-0.48%"
"Feb 07, 2019","4,985.56","5,075.75","5,083.89","4,985.56","114.70M","-1.84%"
"Feb 06, 2019","5,079.05","5,060.65","5,083.81","5,058.04","87.94M","-0.08%"
"Feb 05, 2019","5,083.34","5,009.83","5,083.34","4,997.53","89.91M","1.66%"
"Feb 04, 2019","5,000.19","5,014.31","5,019.40","4,970.70","72.85M","-0.38%"
"Feb 01, 2019","5,019.26","5,004.65","5,023.37","4,980.50","82.26M","0.53%"
"Jan 31, 2019","4,992.72","4,993.09","5,016.28","4,955.50","105.82M","0.36%"
"Jan 30, 2019","4,974.76","4,943.68","4,974.76","4,942.64","70.99M","0.95%"
"Jan 29, 2019","4,928.18","4,889.34","4,949.45","4,879.66","68.46M","0.81%"
"Jan 28, 2019","4,888.58","4,903.95","4,912.10","4,878.62","66.85M","-0.76%"
"Jan 25, 2019","4,925.82","4,895.59","4,931.80","4,890.90","85.53M","1.11%"
"Jan 24, 2019","4,871.96","4,839.59","4,883.90","4,832.40","85.45M","0.65%"
"Jan 23, 2019","4,840.38","4,831.92","4,875.41","4,820.14","81.03M","-0.15%"
"Jan 22, 2019","4,847.53","4,841.18","4,863.30","4,824.06","70.10M","-0.42%"
"Jan 21, 2019","4,867.78","4,865.79","4,872.62","4,859.76","50.95M","-0.17%"
"Jan 18, 2019","4,875.93","4,825.97","4,881.57","4,824.26","109.41M","1.70%"
"Jan 17, 2019","4,794.37","4,782.63","4,801.67","4,772.64","85.23M","-0.34%"
"Jan 16, 2019","4,810.74","4,811.59","4,816.49","4,784.79","83.61M","0.51%"
"Jan 15, 2019","4,786.17","4,799.58","4,816.73","4,754.69","86.00M","0.49%"
"Jan 14, 2019","4,762.75","4,740.31","4,773.15","4,730.55","71.65M","-0.39%"
"Jan 11, 2019","4,781.34","4,814.66","4,821.28","4,760.84","79.42M","-0.51%"
"Jan 10, 2019","4,805.66","4,788.76","4,805.66","4,759.76","78.49M","-0.16%"
"Jan 09, 2019","4,813.58","4,811.18","4,843.48","4,801.83","97.09M","0.84%"
"Jan 08, 2019","4,773.27","4,722.16","4,810.27","4,719.23","101.15M","1.15%"
"Jan 07, 2019","4,719.17","4,757.01","4,760.27","4,690.22","76.19M","-0.38%"
"Jan 04, 2019","4,737.12","4,649.63","4,750.51","4,636.79","98.94M","2.72%"
"Jan 03, 2019","4,611.49","4,641.80","4,671.28","4,607.68","81.18M","-1.66%"
"Jan 02, 2019","4,689.39","4,642.18","4,699.98","4,606.20","79.36M","-0.87%"
"Dec 31, 2018","4,730.69","4,708.74","4,731.49","4,696.12","23.97M","1.11%"
"Dec 28, 2018","4,678.74","4,641.05","4,700.49","4,623.97","69.67M","1.74%"
"Dec 27, 2018","4,598.61","4,689.20","4,692.43","4,555.99","92.22M","-0.60%"
"Dec 24, 2018","4,626.39","4,650.42","4,664.20","4,622.03","25.36M","-1.45%"
"Dec 21, 2018","4,694.38","4,672.77","4,696.18","4,628.24","192.92M","0.04%"
"Dec 20, 2018","4,692.46","4,709.75","4,719.61","4,685.61","124.58M","-1.78%"
"Dec 19, 2018","4,777.45","4,766.73","4,794.01","4,761.63","99.17M","0.49%"
"Dec 18, 2018","4,754.08","4,773.19","4,804.98","4,754.08","112.66M","-0.95%"
"Dec 17, 2018","4,799.87","4,840.12","4,847.50","4,788.88","86.41M","-1.11%"
"Dec 14, 2018","4,853.70","4,853.12","4,873.16","4,822.89","92.45M","-0.88%"
"Dec 13, 2018","4,896.92","4,926.86","4,935.48","4,890.44","90.92M","-0.26%"
"Dec 12, 2018","4,909.45","4,834.24","4,924.66","4,829.12","110.10M","2.15%"
"Dec 11, 2018","4,806.20","4,781.94","4,853.92","4,770.07","105.10M","1.35%"
"Dec 10, 2018","4,742.38","4,797.92","4,809.98","4,732.02","111.81M","-1.47%"
"Dec 07, 2018","4,813.13","4,813.62","4,877.13","4,812.38","98.47M","0.68%"
"Dec 06, 2018","4,780.46","4,898.35","4,898.35","4,760.98","144.86M","-3.32%"
"Dec 05, 2018","4,944.37","4,963.18","4,976.63","4,941.45","80.93M","-1.36%"
"Dec 04, 2018","5,012.66","5,036.95","5,043.26","5,012.48","86.84M","-0.82%"
"Dec 03, 2018","5,053.98","5,112.58","5,115.13","5,043.20","105.05M","1.00%"
"Nov 30, 2018","5,003.92","5,016.45","5,016.86","4,974.99","111.31M","-0.05%"
"Nov 29, 2018","5,006.25","5,026.66","5,036.81","4,995.95","84.67M","0.46%"
"Nov 28, 2018","4,983.24","4,998.14","5,007.47","4,977.93","86.87M","0.00%"
"Nov 27, 2018","4,983.15","4,992.53","5,013.69","4,958.71","87.96M","-0.24%"
"Nov 26, 2018","4,994.98","4,982.54","5,023.78","4,973.71","97.15M","0.97%"
"Nov 23, 2018","4,946.95","4,939.79","4,968.50","4,913.72","63.89M","0.18%"
"Nov 22, 2018","4,938.14","4,958.89","4,961.35","4,923.80","62.41M","-0.75%"
"Nov 21, 2018","4,975.50","4,949.72","4,978.92","4,930.25","84.76M","1.03%"
"Nov 20, 2018","4,924.89","4,962.85","4,967.98","4,894.30","100.38M","-1.21%"
"Nov 19, 2018","4,985.45","5,040.68","5,062.75","4,979.98","78.12M","-0.79%"
"Nov 16, 2018","5,025.20","5,068.64","5,081.00","4,986.19","102.70M","-0.17%"
"Nov 15, 2018","5,033.62","5,097.09","5,106.56","4,993.48","102.95M","-0.70%"
"Nov 14, 2018","5,068.85","5,062.44","5,131.04","5,026.22","91.08M","-0.65%"
"Nov 13, 2018","5,101.85","5,077.57","5,106.77","5,054.90","81.18M","0.85%"
"Nov 12, 2018","5,059.09","5,130.38","5,140.45","5,058.49","79.45M","-0.93%"
"Nov 09, 2018","5,106.75","5,103.43","5,112.57","5,072.21","87.33M","-0.48%"
"Nov 08, 2018","5,131.45","5,147.19","5,168.11","5,120.14","89.94M","-0.13%"
"Nov 07, 2018","5,137.94","5,100.08","5,150.64","5,098.90","91.56M","1.24%"
"Nov 06, 2018","5,075.19","5,110.80","5,110.80","5,066.39","69.24M","-0.51%"
"Nov 05, 2018","5,101.39","5,101.87","5,124.19","5,092.36","70.41M","-0.01%"
"Nov 02, 2018","5,102.13","5,147.02","5,162.18","5,101.28","97.35M","0.32%"
"Nov 01, 2018","5,085.78","5,076.55","5,119.68","5,060.76","88.78M","-0.15%"
"Oct 31, 2018","5,093.44","5,049.74","5,106.76","5,047.35","134.28M","2.31%"
"Oct 30, 2018","4,978.53","4,996.92","5,010.44","4,929.94","99.41M","-0.22%"
"Oct 29, 2018","4,989.35","4,958.51","5,030.02","4,958.51","85.83M","0.44%"
"Oct 26, 2018","4,967.37","4,978.39","4,978.39","4,896.80","135.69M","-1.29%"
"Oct 25, 2018","5,032.30","4,933.95","5,033.52","4,925.56","129.33M","1.60%"
"Oct 24, 2018","4,953.09","4,995.77","5,043.37","4,951.16","119.98M","-0.29%"
"Oct 23, 2018","4,967.69","4,991.91","5,009.43","4,955.67","118.49M","-1.69%"
"Oct 22, 2018","5,053.31","5,130.29","5,135.69","5,052.24","76.92M","-0.62%"
"Oct 19, 2018","5,084.66","5,119.64","5,133.59","5,057.45","134.27M","-0.63%"
"Oct 18, 2018","5,116.79","5,150.23","5,175.59","5,115.31","102.31M","-0.55%"
"Oct 17, 2018","5,144.95","5,187.11","5,205.38","5,117.23","93.41M","-0.54%"
"Oct 16, 2018","5,173.05","5,094.44","5,176.80","5,082.41","90.77M","1.53%"
"Oct 15, 2018","5,095.07","5,095.12","5,105.93","5,058.05","81.54M","-0.02%"
"Oct 12, 2018","5,095.98","5,160.23","5,164.03","5,095.74","101.32M","-0.20%"
"Oct 11, 2018","5,106.37","5,128.22","5,175.36","5,101.90","145.58M","-1.92%"
"Oct 10, 2018","5,206.22","5,319.27","5,319.88","5,200.11","108.06M","-2.11%"
"Oct 09, 2018","5,318.55","5,304.11","5,328.37","5,260.53","81.30M","0.35%"
"Oct 08, 2018","5,300.25","5,339.49","5,349.31","5,291.74","71.58M","-1.10%"
"Oct 05, 2018","5,359.36","5,407.58","5,412.31","5,354.79","86.73M","-0.95%"
"Oct 04, 2018","5,410.85","5,471.88","5,477.92","5,404.84","97.10M","-1.47%"
"Oct 03, 2018","5,491.40","5,485.02","5,509.08","5,468.47","67.59M","0.43%"
"Oct 02, 2018","5,467.89","5,473.79","5,480.24","5,440.78","86.04M","-0.71%"
"Oct 01, 2018","5,506.82","5,494.93","5,519.94","5,491.17","77.51M","0.24%"
"Sep 28, 2018","5,493.49","5,514.55","5,527.24","5,458.21","115.66M","-0.85%"
"Sep 27, 2018","5,540.41","5,500.25","5,546.80","5,485.83","77.01M","0.50%"
"Sep 26, 2018","5,512.73","5,482.99","5,512.75","5,471.57","80.38M","0.61%"
"Sep 25, 2018","5,479.10","5,468.91","5,497.15","5,468.78","76.61M","0.05%"
"Sep 24, 2018","5,476.17","5,480.64","5,488.18","5,463.44","75.92M","-0.33%"
"Sep 21, 2018","5,494.17","5,463.66","5,499.03","5,463.66","229.39M","0.78%"
"Sep 20, 2018","5,451.59","5,398.20","5,461.11","5,398.20","111.96M","1.07%"
"Sep 19, 2018","5,393.74","5,362.94","5,406.06","5,361.33","87.96M","0.56%"
"Sep 18, 2018","5,363.79","5,348.49","5,389.76","5,339.62","82.71M","0.28%"
"Sep 17, 2018","5,348.87","5,344.55","5,358.18","5,329.97","68.22M","-0.07%"
"Sep 14, 2018","5,352.57","5,353.58","5,362.20","5,338.25","68.86M","0.46%"
"Sep 13, 2018","5,328.12","5,327.94","5,366.34","5,325.30","78.10M","-0.08%"
"Sep 12, 2018","5,332.13","5,294.58","5,338.63","5,293.62","77.79M","0.91%"
"Sep 11, 2018","5,283.79","5,284.24","5,285.02","5,240.04","77.05M","0.27%"
"Sep 10, 2018","5,269.63","5,250.76","5,291.21","5,241.18","73.60M","0.33%"
"Sep 07, 2018","5,252.22","5,252.98","5,266.63","5,226.31","86.21M","0.16%"
"Sep 06, 2018","5,243.84","5,254.70","5,292.43","5,243.81","81.96M","-0.31%"
"Sep 05, 2018","5,260.22","5,322.08","5,324.00","5,259.98","106.75M","-1.54%"
"Sep 04, 2018","5,342.70","5,423.67","5,428.22","5,322.77","81.70M","-1.31%"
"Sep 03, 2018","5,413.80","5,400.70","5,417.46","5,387.21","50.13M","0.13%"
"Aug 31, 2018","5,406.85","5,470.80","5,471.05","5,403.16","91.89M","-1.30%"
"Aug 30, 2018","5,478.06","5,494.02","5,498.77","5,467.12","66.27M","-0.42%"
"Aug 29, 2018","5,501.33","5,495.95","5,504.32","5,476.27","54.62M","0.30%"
"Aug 28, 2018","5,484.99","5,489.51","5,506.76","5,477.35","64.76M","0.11%"
"Aug 27, 2018","5,479.10","5,455.40","5,487.45","5,448.49","45.12M","0.86%"
"Aug 24, 2018","5,432.50","5,422.78","5,449.75","5,421.21","53.67M","0.24%"
"Aug 23, 2018","5,419.33","5,422.39","5,436.72","5,415.43","53.65M","-0.02%"
"Aug 22, 2018","5,420.61","5,401.43","5,431.52","5,401.43","73.64M","0.22%"
"Aug 21, 2018","5,408.60","5,372.02","5,427.26","5,367.38","58.22M","0.54%"
"Aug 20, 2018","5,379.65","5,362.37","5,397.78","5,356.32","49.78M","0.65%"
"Aug 17, 2018","5,344.93","5,356.49","5,366.56","5,313.99","66.17M","-0.08%"
"Aug 16, 2018","5,349.02","5,326.17","5,354.95","5,307.16","66.77M","0.83%"
"Aug 15, 2018","5,305.22","5,414.75","5,417.19","5,287.18","90.55M","-1.82%"
"Aug 14, 2018","5,403.41","5,437.43","5,447.93","5,392.39","70.58M","-0.16%"
"Aug 13, 2018","5,412.32","5,402.41","5,428.91","5,385.19","68.94M","-0.04%"
"Aug 10, 2018","5,414.68","5,455.96","5,466.67","5,391.01","106.31M","-1.59%"
"Aug 09, 2018","5,502.25","5,487.92","5,502.42","5,468.64","56.95M","0.01%"
"Aug 08, 2018","5,501.90","5,518.49","5,530.02","5,497.10","59.40M","-0.35%"
"Aug 07, 2018","5,521.31","5,490.91","5,539.41","5,490.08","67.91M","0.81%"
"Aug 06, 2018","5,477.18","5,487.28","5,501.54","5,456.51","63.16M","-0.03%"
"Aug 03, 2018","5,478.98","5,475.82","5,491.78","5,459.27","74.49M","0.33%"
"Aug 02, 2018","5,460.98","5,477.63","5,483.74","5,445.91","98.07M","-0.68%"
"Aug 01, 2018","5,498.37","5,520.33","5,531.58","5,495.79","83.52M","-0.23%"
"Jul 31, 2018","5,511.30","5,486.13","5,529.03","5,477.81","100.73M","0.37%"
"Jul 30, 2018","5,491.22","5,490.20","5,507.48","5,482.24","71.13M","-0.37%"
"Jul 27, 2018","5,511.76","5,477.53","5,514.40","5,475.77","107.75M","0.57%"
"Jul 26, 2018","5,480.55","5,463.29","5,480.55","5,435.27","101.96M","1.00%"
"Jul 25, 2018","5,426.41","5,445.24","5,452.25","5,413.66","83.91M","-0.14%"
"Jul 24, 2018","5,434.19","5,399.19","5,453.05","5,389.77","99.55M","1.04%"
"Jul 23, 2018","5,378.25","5,382.86","5,385.83","5,358.82","60.76M","-0.37%"
"Jul 20, 2018","5,398.32","5,409.67","5,424.37","5,342.30","96.40M","-0.35%"
"Jul 19, 2018","5,417.07","5,437.71","5,444.19","5,409.77","75.61M","-0.56%"
"Jul 18, 2018","5,447.44","5,441.54","5,459.72","5,438.31","74.39M","0.46%"
"Jul 17, 2018","5,422.54","5,405.61","5,426.78","5,383.00","65.19M","0.24%"
"Jul 16, 2018","5,409.43","5,429.43","5,439.66","5,404.52","58.40M","-0.36%"
"Jul 13, 2018","5,429.20","5,428.04","5,439.56","5,418.17","68.86M","0.43%"
"Jul 12, 2018","5,405.90","5,369.19","5,406.48","5,349.48","79.84M","0.97%"
"Jul 11, 2018","5,353.93","5,393.41","5,396.70","5,353.93","89.88M","-1.48%"
"Jul 10, 2018","5,434.36","5,410.19","5,437.05","5,404.90","76.26M","0.67%"
"Jul 09, 2018","5,398.11","5,403.04","5,418.95","5,384.60","70.10M","0.42%"
"Jul 06, 2018","5,375.77","5,387.18","5,393.46","5,345.46","74.88M","0.18%"
"Jul 05, 2018","5,366.32","5,326.02","5,391.57","5,324.52","98.45M","0.86%"
"Jul 04, 2018","5,320.50","5,313.96","5,333.22","5,307.20","65.94M","0.07%"
"Jul 03, 2018","5,316.77","5,302.36","5,336.20","5,284.13","82.23M","0.76%"
"Jul 02, 2018","5,276.76","5,264.40","5,293.40","5,242.64","87.13M","-0.88%"
"Jun 29, 2018","5,323.53","5,335.24","5,357.95","5,318.47","99.26M","0.91%"
"Jun 28, 2018","5,275.64","5,308.44","5,341.09","5,250.22","94.21M","-0.97%"
"Jun 27, 2018","5,327.20","5,284.46","5,371.58","5,246.41","94.37M","0.87%"
"Jun 26, 2018","5,281.29","5,308.88","5,315.56","5,281.29","68.74M","-0.05%"
"Jun 25, 2018","5,283.86","5,350.96","5,362.33","5,283.86","63.90M","-1.92%"
"Jun 22, 2018","5,387.38","5,330.05","5,389.32","5,327.03","76.34M","1.34%"
"Jun 21, 2018","5,316.01","5,386.88","5,396.47","5,302.09","95.33M","-1.05%"
"Jun 20, 2018","5,372.31","5,418.20","5,418.20","5,372.04","86.02M","-0.34%"
"Jun 19, 2018","5,390.63","5,387.81","5,398.04","5,366.05","90.48M","-1.10%"
"Jun 18, 2018","5,450.48","5,487.70","5,491.84","5,418.48","87.26M","-0.93%"
"Jun 15, 2018","5,501.88","5,542.82","5,560.62","5,501.88","195.42M","-0.48%"
"Jun 14, 2018","5,528.46","5,420.39","5,543.29","5,408.30","103.00M","1.39%"
"Jun 13, 2018","5,452.73","5,457.31","5,474.01","5,447.90","85.28M","-0.01%"
"Jun 12, 2018","5,453.37","5,494.83","5,496.47","5,448.70","80.99M","-0.38%"
"Jun 11, 2018","5,473.91","5,459.81","5,480.42","5,451.13","90.21M","0.43%"
"Jun 08, 2018","5,450.22","5,419.71","5,458.85","5,405.36","82.07M","0.03%"
"Jun 07, 2018","5,448.36","5,482.61","5,500.32","5,440.66","82.75M","-0.17%"
"Jun 06, 2018","5,457.56","5,470.58","5,480.31","5,419.94","90.99M","-0.06%"
"Jun 05, 2018","5,460.95","5,464.88","5,512.82","5,460.95","86.68M","-0.22%"
"Jun 04, 2018","5,472.91","5,497.74","5,501.48","5,468.92","81.72M","0.14%"
"Jun 01, 2018","5,465.53","5,440.42","5,482.56","5,438.31","102.47M","1.24%"
"May 31, 2018","5,398.40","5,440.95","5,453.01","5,381.38","148.96M","-0.53%"
"May 30, 2018","5,427.35","5,420.15","5,434.24","5,386.15","120.57M","-0.20%"
"May 29, 2018","5,438.06","5,466.48","5,480.18","5,389.61","146.37M","-1.29%"
"May 28, 2018","5,508.93","5,565.66","5,577.38","5,492.30","60.52M","-0.61%"
"May 25, 2018","5,542.55","5,570.73","5,592.16","5,519.78","90.53M","-0.11%"
"May 24, 2018","5,548.45","5,576.65","5,598.65","5,523.22","87.87M","-0.31%"
"May 23, 2018","5,565.85","5,626.02","5,626.02","5,544.41","103.85M","-1.32%"
"May 22, 2018","5,640.10","5,637.94","5,653.09","5,628.93","85.18M","0.05%"
"May 21, 2018","5,637.51","5,626.70","5,657.44","5,626.18","50.92M","0.41%"
"May 18, 2018","5,614.51","5,610.14","5,643.15","5,603.35","118.75M","-0.13%"
"May 17, 2018","5,621.92","5,570.39","5,621.92","5,570.04","82.80M","0.98%"
"May 16, 2018","5,567.54","5,546.39","5,570.96","5,540.67","78.62M","0.26%"
"May 15, 2018","5,553.16","5,529.39","5,563.36","5,527.64","91.15M","0.23%"
"May 14, 2018","5,540.68","5,539.05","5,542.21","5,524.44","61.57M","-0.02%"
"May 11, 2018","5,541.94","5,533.41","5,544.74","5,521.34","63.18M","-0.07%"
"May 10, 2018","5,545.95","5,532.37","5,547.20","5,522.91","50.49M","0.20%"
"May 09, 2018","5,534.63","5,520.65","5,535.24","5,511.58","75.15M","0.23%"
"May 08, 2018","5,521.93","5,523.91","5,529.15","5,496.39","72.39M","-0.17%"
"May 07, 2018","5,531.42","5,511.94","5,532.12","5,503.70","47.00M","0.28%"
"May 04, 2018","5,516.05","5,495.71","5,516.05","5,485.99","87.97M","0.26%"
"May 03, 2018","5,501.66","5,515.36","5,523.78","5,489.63","81.71M","-0.50%"
"May 02, 2018","5,529.22","5,511.46","5,538.73","5,509.08","96.89M","0.16%"
"Apr 30, 2018","5,520.50","5,477.44","5,521.44","5,474.48","75.64M","0.68%"
"Apr 27, 2018","5,483.19","5,454.25","5,483.19","5,453.97","73.33M","0.54%"
"Apr 26, 2018","5,453.58","5,416.75","5,460.01","5,407.58","85.75M","0.74%"
"Apr 25, 2018","5,413.30","5,414.15","5,442.32","5,388.67","80.47M","-0.57%"
"Apr 24, 2018","5,444.16","5,428.18","5,446.70","5,414.40","92.99M","0.10%"
"Apr 23, 2018","5,438.55","5,404.72","5,440.84","5,392.58","67.89M","0.48%"
"Apr 20, 2018","5,412.83","5,395.13","5,425.79","5,381.11","90.04M","0.39%"
"Apr 19, 2018","5,391.64","5,389.82","5,397.84","5,377.11","76.39M","0.21%"
"Apr 18, 2018","5,380.17","5,360.45","5,381.74","5,359.63","85.08M","0.50%"
"Apr 17, 2018","5,353.54","5,325.63","5,370.23","5,317.12","84.25M","0.76%"
"Apr 16, 2018","5,312.96","5,322.41","5,322.41","5,298.94","62.18M","-0.04%"
"Apr 13, 2018","5,315.02","5,318.13","5,339.05","5,303.38","70.49M","0.11%"
"Apr 12, 2018","5,309.22","5,280.66","5,309.97","5,266.36","84.75M","0.59%"
"Apr 11, 2018","5,277.94","5,301.44","5,303.32","5,264.27","70.34M","-0.56%"
"Apr 10, 2018","5,307.56","5,299.58","5,312.88","5,281.58","80.51M","0.84%"
"Apr 09, 2018","5,263.39","5,271.00","5,289.72","5,247.57","62.55M","0.10%"
"Apr 06, 2018","5,258.24","5,256.25","5,282.72","5,243.02","70.98M","-0.35%"
"Apr 05, 2018","5,276.67","5,216.68","5,280.61","5,213.63","97.62M","2.62%"
"Apr 04, 2018","5,141.80","5,155.47","5,163.63","5,094.69","93.93M","-0.20%"
"Apr 03, 2018","5,152.12","5,144.63","5,171.62","5,118.69","84.39M","-0.29%"
"Mar 29, 2018","5,167.30","5,152.03","5,194.98","5,134.75","95.24M","0.72%"
"Mar 28, 2018","5,130.44","5,073.42","5,130.44","5,038.12","105.36M","0.29%"
"Mar 27, 2018","5,115.74","5,141.40","5,149.05","5,100.21","86.89M","0.98%"
"Mar 26, 2018","5,066.28","5,106.34","5,126.99","5,043.27","86.19M","-0.57%"
"Mar 23, 2018","5,095.22","5,115.82","5,128.71","5,059.67","105.53M","-1.39%"
"Mar 22, 2018","5,167.21","5,205.17","5,231.17","5,119.29","107.55M","-1.38%"
"Mar 21, 2018","5,239.74","5,252.78","5,257.24","5,220.26","71.36M","-0.24%"
"Mar 20, 2018","5,252.43","5,232.12","5,255.10","5,208.51","68.50M","0.57%"
"Mar 19, 2018","5,222.84","5,263.39","5,265.44","5,210.07","79.30M","-1.13%"
"Mar 16, 2018","5,282.75","5,259.36","5,299.23","5,258.51","154.91M","0.29%"
"Mar 15, 2018","5,267.26","5,252.22","5,274.94","5,235.94","84.99M","0.65%"
"Mar 14, 2018","5,233.36","5,237.75","5,272.72","5,224.31","75.89M","-0.18%"
"Mar 13, 2018","5,242.79","5,284.84","5,311.66","5,225.27","89.71M","-0.64%"
"Mar 12, 2018","5,276.71","5,298.22","5,302.42","5,258.11","66.06M","0.04%"
"Mar 09, 2018","5,274.40","5,243.09","5,293.08","5,241.51","77.84M","0.39%"
"Mar 08, 2018","5,254.10","5,189.14","5,264.36","5,186.28","95.67M","1.28%"
"Mar 07, 2018","5,187.83","5,151.69","5,203.06","5,134.51","96.34M","0.34%"
"Mar 06, 2018","5,170.23","5,203.11","5,216.60","5,170.14","93.29M","0.06%"
"Mar 05, 2018","5,167.23","5,116.39","5,176.52","5,115.94","124.68M","0.60%"
"Mar 02, 2018","5,136.58","5,223.14","5,226.11","5,121.24","121.27M","-2.39%"
"Mar 01, 2018","5,262.56","5,304.81","5,315.77","5,242.87","116.25M","-1.09%"
"Feb 28, 2018","5,320.49","5,321.50","5,357.06","5,312.62","87.00M","-0.44%"
"Feb 27, 2018","5,343.93","5,358.57","5,363.52","5,329.79","78.60M","-0.01%"
"Feb 26, 2018","5,344.26","5,343.57","5,357.36","5,329.51","69.98M","0.51%"
"Feb 23, 2018","5,317.37","5,312.30","5,322.35","5,292.70","70.61M","0.15%"
"Feb 22, 2018","5,309.23","5,272.43","5,321.19","5,253.20","90.24M","0.13%"
"Feb 21, 2018","5,302.17","5,278.48","5,303.81","5,255.77","75.20M","0.23%"
"Feb 20, 2018","5,289.86","5,257.43","5,291.81","5,249.85","78.04M","0.64%"
"Feb 19, 2018","5,256.18","5,295.33","5,297.37","5,249.89","53.04M","-0.48%"
"Feb 16, 2018","5,281.58","5,249.42","5,291.48","5,245.80","104.31M","1.13%"
"Feb 15, 2018","5,222.52","5,211.71","5,255.08","5,204.44","100.30M","1.11%"
"Feb 14, 2018","5,165.26","5,137.57","5,188.14","5,081.62","113.12M","1.10%"
"Feb 13, 2018","5,109.24","5,136.09","5,155.22","5,109.24","80.94M","-0.60%"
"Feb 12, 2018","5,140.06","5,130.40","5,165.75","5,113.82","96.36M","1.20%"
"Feb 09, 2018","5,079.21","5,133.46","5,155.87","5,051.21","147.46M","-1.41%"
"Feb 08, 2018","5,151.68","5,229.78","5,248.44","5,129.52","127.81M","-1.98%"
"Feb 07, 2018","5,255.90","5,208.11","5,267.88","5,169.40","121.40M","1.82%"
"Feb 06, 2018","5,161.81","5,104.28","5,226.13","5,101.15","180.78M","-2.35%"
"Feb 05, 2018","5,285.83","5,322.94","5,332.77","5,283.27","99.70M","-1.48%"
"Feb 02, 2018","5,364.98","5,433.84","5,437.26","5,364.98","102.38M","-1.64%"
"Feb 01, 2018","5,454.55","5,510.59","5,529.40","5,432.59","89.72M","-0.50%"
"Jan 31, 2018","5,481.93","5,483.51","5,496.78","5,471.18","86.15M","0.15%"
"Jan 30, 2018","5,473.78","5,493.93","5,518.94","5,464.85","82.56M","-0.87%"
"Jan 29, 2018","5,521.59","5,534.14","5,537.53","5,517.67","61.97M","-0.14%"
"Jan 26, 2018","5,529.15","5,496.83","5,539.77","5,493.66","67.41M","0.87%"
"Jan 25, 2018","5,481.21","5,493.81","5,525.76","5,456.05","87.43M","-0.25%"
"Jan 24, 2018","5,495.16","5,532.85","5,538.58","5,495.16","87.85M","-0.72%"
"Jan 23, 2018","5,535.26","5,563.56","5,567.03","5,521.83","88.46M","-0.12%"
"Jan 22, 2018","5,541.99","5,520.21","5,543.06","5,512.27","79.82M","0.28%"
"Jan 19, 2018","5,526.51","5,493.99","5,528.89","5,490.32","80.89M","0.58%"
"Jan 18, 2018","5,494.83","5,511.30","5,515.16","5,474.11","84.62M","0.02%"
"Jan 17, 2018","5,493.99","5,496.26","5,518.39","5,485.02","74.99M","-0.36%"
"Jan 16, 2018","5,513.82","5,513.70","5,535.95","5,500.22","71.57M","0.07%"
"Jan 15, 2018","5,509.69","5,515.55","5,525.01","5,501.28","57.95M","-0.13%"
"Jan 12, 2018","5,517.06","5,502.63","5,520.18","5,486.09","83.15M","0.52%"
"Jan 11, 2018","5,488.55","5,514.09","5,516.59","5,478.97","86.13M","-0.29%"
"Jan 10, 2018","5,504.68","5,518.32","5,529.30","5,487.56","99.46M","-0.35%"
"Jan 09, 2018","5,523.94","5,491.91","5,525.67","5,491.91","81.28M","0.67%"
"Jan 08, 2018","5,487.42","5,483.47","5,499.15","5,478.92","74.55M","0.30%"
"Jan 05, 2018","5,470.75","5,424.16","5,470.75","5,422.78","78.63M","1.05%"
"Jan 04, 2018","5,413.69","5,360.01","5,430.72","5,360.01","95.45M","1.55%"
"Jan 03, 2018","5,331.28","5,295.31","5,347.63","5,291.89","77.70M","0.81%"
"Jan 02, 2018","5,288.60","5,318.74","5,318.74","5,258.66","68.87M","-0.45%"
"Dec 29, 2017","5,312.56","5,336.15","5,344.05","5,312.56","47.65M","-0.50%"
"Dec 28, 2017","5,339.42","5,367.70","5,370.43","5,331.16","43.73M","-0.55%"
"Dec 27, 2017","5,368.84","5,359.82","5,388.14","5,352.53","42.37M","0.08%"
"Dec 22, 2017","5,364.72","5,371.00","5,385.96","5,355.44","48.20M","-0.39%"
"Dec 21, 2017","5,385.97","5,332.39","5,389.80","5,323.54","72.56M","0.62%"
"Dec 20, 2017","5,352.77","5,377.92","5,382.37","5,338.03","70.81M","-0.56%"
"Dec 19, 2017","5,382.91","5,409.65","5,420.64","5,380.15","65.71M","-0.69%"
"Dec 18, 2017","5,420.58","5,386.40","5,427.87","5,386.40","84.42M","1.33%"
"Dec 15, 2017","5,349.30","5,340.34","5,360.87","5,330.10","162.31M","-0.15%"
"Dec 14, 2017","5,357.14","5,392.00","5,400.28","5,357.14","80.63M","-0.78%"
"Dec 13, 2017","5,399.45","5,415.32","5,429.03","5,393.98","90.32M","-0.51%"
"Dec 12, 2017","5,427.19","5,394.93","5,427.19","5,359.76","83.34M","0.75%"
"Dec 11, 2017","5,386.83","5,411.71","5,411.71","5,382.50","70.90M","-0.23%"
"Dec 08, 2017","5,399.09","5,411.91","5,425.75","5,393.56","93.43M","0.28%"
"Dec 07, 2017","5,383.86","5,374.57","5,396.31","5,365.75","83.68M","0.18%"
"Dec 06, 2017","5,374.35","5,333.32","5,385.53","5,316.55","80.43M","-0.02%"
"Dec 05, 2017","5,375.53","5,382.23","5,392.48","5,349.79","80.25M","-0.26%"
"Dec 04, 2017","5,389.29","5,363.29","5,400.10","5,350.59","84.44M","1.36%"
"Dec 01, 2017","5,316.89","5,374.13","5,378.32","5,299.06","103.00M","-1.04%"
"Nov 30, 2017","5,372.79","5,402.66","5,429.65","5,372.59","131.99M","-0.47%"
"Nov 29, 2017","5,398.05","5,416.49","5,441.69","5,394.89","95.49M","0.14%"
"Nov 28, 2017","5,390.48","5,366.38","5,398.19","5,357.28","68.00M","0.57%"
"Nov 27, 2017","5,360.09","5,378.96","5,408.47","5,359.39","64.04M","-0.56%"
"Nov 24, 2017","5,390.46","5,374.40","5,419.88","5,374.40","56.04M","0.20%"
"Nov 23, 2017","5,379.54","5,339.76","5,391.89","5,330.32","57.08M","0.50%"
"Nov 22, 2017","5,352.76","5,364.61","5,391.01","5,352.76","69.61M","-0.25%"
"Nov 21, 2017","5,366.15","5,335.84","5,385.86","5,326.86","77.09M","0.48%"
"Nov 20, 2017","5,340.45","5,311.28","5,348.15","5,302.85","68.82M","0.40%"
"Nov 17, 2017","5,319.17","5,335.85","5,350.25","5,304.35","91.39M","-0.32%"
"Nov 16, 2017","5,336.39","5,325.41","5,345.23","5,312.87","76.59M","0.66%"
"Nov 15, 2017","5,301.25","5,301.14","5,312.39","5,267.22","97.09M","-0.27%"
"Nov 14, 2017","5,315.58","5,345.30","5,365.64","5,301.57","93.06M","-0.49%"
"Nov 13, 2017","5,341.63","5,382.65","5,384.76","5,301.02","87.19M","-0.73%"
"Nov 10, 2017","5,380.72","5,405.55","5,415.88","5,375.12","87.53M","-0.50%"
"Nov 09, 2017","5,407.75","5,470.18","5,479.70","5,401.43","101.96M","-1.16%"
"Nov 08, 2017","5,471.43","5,487.53","5,496.08","5,452.20","95.46M","-0.17%"
"Nov 07, 2017","5,480.64","5,521.75","5,525.55","5,475.92","80.76M","-0.48%"
"Nov 06, 2017","5,507.25","5,507.07","5,513.31","5,492.90","72.39M","-0.19%"
"Nov 03, 2017","5,517.97","5,513.47","5,521.92","5,498.29","77.45M","0.14%"
"Nov 02, 2017","5,510.50","5,510.96","5,520.81","5,486.24","72.43M","-0.07%"
"Nov 01, 2017","5,514.29","5,524.38","5,536.40","5,514.29","77.63M","0.20%"
"Oct 31, 2017","5,503.29","5,492.63","5,511.25","5,489.41","77.49M","0.18%"
"Oct 30, 2017","5,493.63","5,488.33","5,507.56","5,487.29","69.51M","-0.01%"
"Oct 27, 2017","5,494.13","5,470.34","5,513.53","5,470.24","98.54M","0.71%"
"Oct 26, 2017","5,455.40","5,383.44","5,459.61","5,375.26","93.76M","1.50%"
"Oct 25, 2017","5,374.89","5,399.61","5,416.54","5,364.16","82.96M","-0.37%"
"Oct 24, 2017","5,394.80","5,377.86","5,413.03","5,377.86","76.87M","0.15%"
"Oct 23, 2017","5,386.81","5,377.45","5,408.74","5,367.65","65.67M","0.27%"
"Oct 20, 2017","5,372.38","5,389.48","5,392.09","5,368.21","95.16M","0.08%"
"Oct 19, 2017","5,368.29","5,371.00","5,377.81","5,343.00","89.37M","-0.29%"
"Oct 18, 2017","5,383.81","5,368.09","5,394.23","5,359.68","66.15M","0.42%"
"Oct 17, 2017","5,361.37","5,372.65","5,376.69","5,347.55","66.94M","-0.03%"
"Oct 16, 2017","5,362.88","5,362.53","5,371.62","5,347.61","65.03M","0.21%"
"Oct 13, 2017","5,351.74","5,362.73","5,371.65","5,344.96","76.23M","-0.17%"
"Oct 12, 2017","5,360.81","5,358.42","5,361.92","5,342.69","58.19M","-0.03%"
"Oct 11, 2017","5,362.41","5,367.38","5,367.38","5,338.14","73.65M","-0.02%"
"Oct 10, 2017","5,363.65","5,364.16","5,372.27","5,351.79","61.56M","-0.04%"
"Oct 09, 2017","5,365.83","5,364.81","5,378.51","5,351.68","57.01M","0.11%"
"Oct 06, 2017","5,359.90","5,378.07","5,378.07","5,350.26","68.17M","-0.36%"
"Oct 05, 2017","5,379.21","5,355.91","5,381.74","5,355.91","72.49M","0.30%"
"Oct 04, 2017","5,363.23","5,369.24","5,369.45","5,345.20","82.49M","-0.08%"
"Oct 03, 2017","5,367.41","5,362.75","5,370.89","5,355.30","60.57M","0.32%"
"Oct 02, 2017","5,350.44","5,332.92","5,350.44","5,326.66","70.70M","0.39%"
"Sep 29, 2017","5,329.81","5,297.42","5,329.81","5,284.74","87.87M","0.68%"
"Sep 28, 2017","5,293.77","5,286.05","5,295.27","5,279.10","69.91M","0.22%"
"Sep 27, 2017","5,281.96","5,281.30","5,289.89","5,272.32","76.34M","0.25%"
"Sep 26, 2017","5,268.76","5,263.95","5,274.58","5,255.11","73.03M","0.03%"
"Sep 25, 2017","5,267.13","5,267.99","5,286.83","5,260.46","66.21M","-0.27%"
"Sep 22, 2017","5,281.29","5,277.39","5,295.93","5,271.88","73.66M","0.27%"
"Sep 21, 2017","5,267.29","5,259.02","5,275.42","5,257.44","87.45M","0.49%"
"Sep 20, 2017","5,241.66","5,230.51","5,248.79","5,230.02","67.78M","0.08%"
"Sep 19, 2017","5,237.44","5,223.29","5,238.29","5,219.71","68.99M","0.16%"
"Sep 18, 2017","5,229.32","5,231.99","5,239.88","5,221.56","63.44M","0.30%"
"Sep 15, 2017","5,213.91","5,220.89","5,237.17","5,201.97","267.72M","-0.22%"
"Sep 14, 2017","5,225.20","5,205.18","5,233.54","5,201.65","81.85M","0.15%"
"Sep 13, 2017","5,217.59","5,205.21","5,227.00","5,200.21","89.02M","0.16%"
"Sep 12, 2017","5,209.01","5,192.75","5,219.08","5,184.47","81.81M","0.62%"
"Sep 11, 2017","5,176.71","5,145.78","5,180.25","5,145.78","79.29M","1.24%"
"Sep 08, 2017","5,113.49","5,099.31","5,117.89","5,086.51","86.70M","-0.02%"
"Sep 07, 2017","5,114.62","5,118.84","5,148.06","5,103.15","87.49M","0.26%"
"Sep 06, 2017","5,101.41","5,054.32","5,114.29","5,050.09","178.50M","0.29%"
"Sep 05, 2017","5,086.56","5,107.19","5,125.80","5,081.08","74.38M","-0.34%"
"Sep 04, 2017","5,103.97","5,088.28","5,114.70","5,088.28","45.54M","-0.38%"
"Sep 01, 2017","5,123.26","5,117.19","5,138.42","5,115.95","78.12M","0.74%"
"Aug 31, 2017","5,085.59","5,083.12","5,104.78","5,068.44","111.54M","0.58%"
"Aug 30, 2017","5,056.34","5,063.24","5,069.12","5,046.07","63.60M","0.49%"
"Aug 29, 2017","5,031.92","5,035.38","5,041.89","4,995.07","86.25M","-0.94%"
"Aug 28, 2017","5,079.75","5,076.47","5,106.25","5,066.01","38.32M","-0.48%"
"Aug 25, 2017","5,104.33","5,121.48","5,141.05","5,098.51","58.97M","-0.17%"
"Aug 24, 2017","5,113.13","5,127.71","5,136.30","5,111.86","57.28M","-0.04%"
"Aug 23, 2017","5,115.39","5,125.03","5,149.08","5,105.55","60.47M","-0.32%"
"Aug 22, 2017","5,131.86","5,112.13","5,137.54","5,101.68","59.04M","0.87%"
"Aug 21, 2017","5,087.59","5,091.31","5,105.94","5,066.19","60.93M","-0.52%"
"Aug 18, 2017","5,114.15","5,103.47","5,117.04","5,074.45","75.73M","-0.64%"
"Aug 17, 2017","5,146.85","5,164.54","5,180.26","5,137.42","66.54M","-0.57%"
"Aug 16, 2017","5,176.61","5,159.10","5,200.16","5,159.10","57.67M","0.71%"
"Aug 15, 2017","5,140.25","5,141.02","5,158.50","5,123.97","49.56M","0.36%"
"Aug 14, 2017","5,121.67","5,082.87","5,136.19","5,080.01","59.06M","1.20%"
"Aug 11, 2017","5,060.92","5,081.92","5,086.06","5,046.75","88.84M","-1.06%"
"Aug 10, 2017","5,115.23","5,140.99","5,148.47","5,096.19","74.01M","-0.59%"
"Aug 09, 2017","5,145.70","5,182.05","5,183.37","5,122.50","87.20M","-1.40%"
"Aug 08, 2017","5,218.89","5,200.20","5,231.65","5,191.38","63.98M","0.21%"
"Aug 07, 2017","5,207.89","5,210.73","5,220.59","5,195.26","65.76M","0.09%"
"Aug 04, 2017","5,203.44","5,122.40","5,216.40","5,118.61","81.00M","1.42%"
"Aug 03, 2017","5,130.49","5,097.14","5,142.91","5,084.20","73.37M","0.46%"
"Aug 02, 2017","5,107.25","5,122.38","5,135.14","5,094.64","84.54M","-0.39%"
"Aug 01, 2017","5,127.03","5,116.90","5,148.49","5,087.38","77.66M","0.65%"
"Jul 31, 2017","5,093.77","5,127.63","5,148.15","5,092.14","90.32M","-0.73%"
"Jul 28, 2017","5,131.39","5,144.03","5,144.03","5,105.72","102.95M","-1.07%"
"Jul 27, 2017","5,186.95","5,181.15","5,218.56","5,172.78","102.54M","-0.06%"
"Jul 26, 2017","5,190.17","5,162.24","5,208.33","5,158.79","81.56M","0.56%"
"Jul 25, 2017","5,161.08","5,130.53","5,193.19","5,130.53","93.98M","0.65%"
"Jul 24, 2017","5,127.70","5,133.68","5,143.48","5,094.36","74.28M","0.20%"
"Jul 21, 2017","5,117.66","5,188.92","5,208.85","5,095.12","109.69M","-1.57%"
"Jul 20, 2017","5,199.22","5,239.46","5,251.25","5,177.73","81.21M","-0.32%"
"Jul 19, 2017","5,216.07","5,196.13","5,218.99","5,174.29","71.44M","0.83%"
"Jul 18, 2017","5,173.27","5,219.67","5,233.15","5,164.63","78.13M","-1.09%"
"Jul 17, 2017","5,230.17","5,238.41","5,246.23","5,214.31","55.65M","-0.10%"
"Jul 14, 2017","5,235.31","5,246.20","5,246.78","5,215.98","61.95M","-0.00%"
"Jul 13, 2017","5,235.40","5,228.93","5,259.47","5,221.58","78.06M","0.25%"
"Jul 12, 2017","5,222.13","5,158.23","5,239.02","5,157.84","86.10M","1.59%"
"Jul 11, 2017","5,140.60","5,172.03","5,186.44","5,135.95","66.88M","-0.48%"
"Jul 10, 2017","5,165.64","5,160.70","5,179.34","5,147.67","62.88M","0.40%"
"Jul 07, 2017","5,145.16","5,149.79","5,155.42","5,125.99","77.02M","-0.14%"
"Jul 06, 2017","5,152.40","5,177.21","5,177.62","5,111.16","93.98M","-0.53%"
"Jul 05, 2017","5,180.10","5,174.79","5,192.51","5,160.86","87.90M","0.10%"
"Jul 04, 2017","5,174.90","5,170.54","5,197.81","5,165.86","58.02M","-0.40%"
"Jul 03, 2017","5,195.72","5,151.19","5,200.73","5,151.19","78.74M","1.47%"
"Jun 30, 2017","5,120.68","5,157.59","5,192.39","5,117.23","100.13M","-0.65%"
"Jun 29, 2017","5,154.35","5,268.23","5,272.94","5,143.82","118.15M","-1.88%"
"Jun 28, 2017","5,252.90","5,235.83","5,273.95","5,203.90","99.36M","-0.11%"
"Jun 27, 2017","5,258.58","5,282.87","5,284.96","5,237.67","93.07M","-0.70%"
"Jun 26, 2017","5,295.75","5,295.04","5,323.73","5,289.56","69.15M","0.56%"
"Jun 23, 2017","5,266.12","5,273.24","5,283.88","5,247.52","68.76M","-0.30%"
"Jun 22, 2017","5,281.93","5,259.55","5,286.46","5,232.82","83.18M","0.15%"
"Jun 21, 2017","5,274.26","5,273.00","5,286.06","5,224.05","85.75M","-0.37%"
"Jun 20, 2017","5,293.65","5,330.58","5,339.55","5,293.65","83.76M","-0.32%"
"Jun 19, 2017","5,310.72","5,305.22","5,331.32","5,302.05","79.93M","0.90%"
"Jun 16, 2017","5,263.31","5,243.53","5,273.68","5,236.00","169.17M","0.89%"
"Jun 15, 2017","5,216.88","5,235.36","5,235.88","5,176.67","121.97M","-0.50%"
"Jun 14, 2017","5,243.29","5,283.60","5,314.96","5,243.29","100.02M","-0.35%"
"Jun 13, 2017","5,261.74","5,254.14","5,273.87","5,248.29","74.63M","0.40%"
"Jun 12, 2017","5,240.59","5,282.58","5,286.10","5,233.69","88.18M","-1.12%"
"Jun 09, 2017","5,299.71","5,275.99","5,320.17","5,266.83","82.36M","0.67%"
"Jun 08, 2017","5,264.24","5,264.69","5,290.50","5,250.68","87.68M","-0.02%"
"Jun 07, 2017","5,265.53","5,261.42","5,320.04","5,254.03","97.13M","-0.07%"
"Jun 06, 2017","5,269.22","5,280.20","5,296.42","5,260.95","82.35M","-0.73%"
"Jun 05, 2017","5,307.89","5,337.11","5,343.79","5,299.76","50.45M","-0.66%"
"Jun 02, 2017","5,343.41","5,347.86","5,372.97","5,328.19","98.58M","0.47%"
"Jun 01, 2017","5,318.67","5,290.84","5,327.60","5,287.99","86.80M","0.66%"
"May 31, 2017","5,283.63","5,306.21","5,334.57","5,283.63","148.12M","-0.42%"
"May 30, 2017","5,305.94","5,291.08","5,309.36","5,273.56","80.54M","-0.50%"
"May 29, 2017","5,332.47","5,327.73","5,335.78","5,316.69","44.33M","-0.08%"
"May 26, 2017","5,336.64","5,328.86","5,336.76","5,282.42","79.31M","-0.01%"
"May 25, 2017","5,337.16","5,360.97","5,366.70","5,323.11","68.30M","-0.08%"
"May 24, 2017","5,341.34","5,336.98","5,353.01","5,326.59","82.13M","-0.13%"
"May 23, 2017","5,348.16","5,317.12","5,368.88","5,314.48","88.18M","0.47%"
"May 22, 2017","5,322.88","5,335.12","5,339.41","5,315.23","75.80M","-0.03%"
"May 19, 2017","5,324.40","5,299.40","5,334.45","5,292.12","112.07M","0.66%"
"May 18, 2017","5,289.73","5,309.91","5,322.70","5,238.51","128.58M","-0.53%"
"May 17, 2017","5,317.89","5,375.84","5,394.88","5,297.43","122.63M","-1.63%"
"May 16, 2017","5,406.10","5,398.15","5,417.17","5,389.87","98.47M","-0.21%"
"May 15, 2017","5,417.40","5,411.27","5,417.40","5,384.54","100.55M","0.22%"
"May 12, 2017","5,405.42","5,386.79","5,405.42","5,375.48","163.31M","0.41%"
"May 11, 2017","5,383.42","5,409.90","5,409.99","5,356.41","128.83M","-0.32%"
"May 10, 2017","5,400.46","5,398.81","5,402.34","5,377.75","103.15M","0.05%"
"May 09, 2017","5,398.01","5,404.14","5,413.60","5,394.13","106.37M","0.28%"
"May 08, 2017","5,382.95","5,442.10","5,442.10","5,374.20","119.73M","-0.91%"
"May 05, 2017","5,432.40","5,344.92","5,432.40","5,343.02","142.82M","1.12%"
"May 04, 2017","5,372.42","5,309.39","5,372.42","5,304.46","157.25M","1.35%"
"May 03, 2017","5,301.00","5,299.74","5,301.61","5,282.45","100.87M","-0.06%"
"May 02, 2017","5,304.15","5,284.88","5,305.95","5,274.29","107.85M","0.70%"
"Apr 28, 2017","5,267.33","5,267.66","5,287.85","5,265.36","126.44M","-0.08%"
"Apr 27, 2017","5,271.70","5,276.97","5,278.96","5,261.73","117.47M","-0.31%"
"Apr 26, 2017","5,287.88","5,272.86","5,296.52","5,270.32","123.73M","0.19%"
"Apr 25, 2017","5,277.88","5,274.36","5,293.39","5,259.63","119.16M","0.17%"
"Apr 24, 2017","5,268.85","5,267.88","5,295.47","5,228.54","235.87M","4.14%"
"Apr 21, 2017","5,059.20","5,063.36","5,081.61","5,029.06","170.50M","-0.37%"
"Apr 20, 2017","5,077.91","4,992.47","5,093.60","4,989.26","138.85M","1.48%"
"Apr 19, 2017","5,003.73","4,987.29","5,011.33","4,980.41","116.00M","0.27%"
"Apr 18, 2017","4,990.25","5,078.25","5,080.03","4,990.25","144.50M","-1.59%"
"Apr 13, 2017","5,071.10","5,090.48","5,090.48","5,062.32","100.30M","-0.59%"
"Apr 12, 2017","5,101.11","5,114.50","5,142.81","5,093.98","103.23M","-0.01%"
"Apr 11, 2017","5,101.86","5,086.61","5,119.18","5,068.25","96.50M","-0.11%"
"Apr 10, 2017","5,107.45","5,127.36","5,127.36","5,097.56","72.33M","-0.54%"
"Apr 07, 2017","5,135.28","5,104.73","5,135.28","5,098.05","87.40M","0.27%"
"Apr 06, 2017","5,121.44","5,063.62","5,126.74","5,051.61","91.36M","0.58%"
"Apr 05, 2017","5,091.85","5,104.71","5,123.78","5,087.68","86.74M","-0.18%"
"Apr 04, 2017","5,101.13","5,087.60","5,101.13","5,076.35","86.64M","0.30%"
"Apr 03, 2017","5,085.91","5,130.18","5,132.93","5,083.14","84.16M","-0.71%"
"Mar 31, 2017","5,122.51","5,077.30","5,122.51","5,067.74","106.57M","0.65%"
"Mar 30, 2017","5,089.64","5,075.61","5,090.92","5,063.07","76.17M","0.41%"
"Mar 29, 2017","5,069.04","5,063.70","5,073.23","5,044.42","89.08M","0.45%"
"Mar 28, 2017","5,046.20","5,027.13","5,048.11","5,008.67","87.99M","0.57%"
"Mar 27, 2017","5,017.43","4,975.09","5,017.88","4,971.07","96.99M","-0.07%"
"Mar 24, 2017","5,020.90","5,027.19","5,027.19","5,003.58","71.10M","-0.24%"
"Mar 23, 2017","5,032.76","4,996.62","5,032.94","4,980.56","92.07M","0.76%"
"Mar 22, 2017","4,994.70","4,969.11","5,005.06","4,953.57","102.48M","-0.15%"
"Mar 21, 2017","5,002.43","5,030.20","5,054.91","4,990.64","96.44M","-0.19%"
"Mar 20, 2017","5,012.16","5,008.08","5,030.06","5,004.08","66.21M","-0.34%"
"Mar 17, 2017","5,029.24","5,006.71","5,037.85","5,001.39","165.12M","0.32%"
"Mar 16, 2017","5,013.38","5,027.10","5,031.57","5,004.62","116.62M","0.56%"
"Mar 15, 2017","4,985.48","4,980.05","4,989.30","4,966.05","84.42M","0.23%"
"Mar 14, 2017","4,974.26","5,006.05","5,006.05","4,958.88","94.63M","-0.51%"
"Mar 13, 2017","4,999.60","4,997.88","5,013.08","4,986.06","86.62M","0.13%"
"Mar 10, 2017","4,993.32","4,994.00","5,022.10","4,990.15","107.01M","0.24%"
"Mar 09, 2017","4,981.51","4,950.53","4,988.63","4,939.87","118.01M","0.42%"
"Mar 08, 2017","4,960.48","4,941.18","4,976.04","4,933.77","84.88M","0.11%"
"Mar 07, 2017","4,955.00","4,974.79","4,974.79","4,941.26","82.30M","-0.35%"
"Mar 06, 2017","4,972.19","4,983.96","4,985.24","4,960.26","93.22M","-0.46%"
"Mar 03, 2017","4,995.13","4,953.30","5,002.32","4,948.72","108.60M","0.63%"
"Mar 02, 2017","4,963.80","4,965.27","4,972.88","4,955.41","110.14M","0.06%"
"Mar 01, 2017","4,960.83","4,897.48","4,970.64","4,897.48","123.97M","2.10%"